label,budget,win_count,win_rate
b0,10,1895,0.055214
b1,20,2496,0.072725
b2,50,7611,0.221759
b3,100,15727,0.458233
b4,200,33792,0.984587
