label,budget,win_count,win_rate
b0,10,33,0.294643
b1,20,29,0.258929
b2,50,47,0.419643
b3,100,55,0.491071
b4,200,64,0.571429
