label,budget,win_count,win_rate
b0,10,67,0.421384
b1,20,94,0.591195
b2,50,73,0.459119
b3,100,62,0.389937
b4,200,86,0.540881
