label,budget,win_count,win_rate
b0,10,271,0.483066
b1,20,162,0.288770
b2,50,224,0.399287
b3,100,471,0.839572
b4,200,492,0.877005
