label,budget,win_count,win_rate
b0,10,1858,0.209494
b1,20,1989,0.224264
b2,50,2823,0.318300
b3,100,4743,0.534784
b4,200,8290,0.934716
