label,budget,win_count,win_rate
b0,10,4,0.041237
b1,20,9,0.092784
b2,50,34,0.350515
b3,100,68,0.701031
b4,200,68,0.701031
