label,budget,win_count,win_rate
b0,10,8,0.040000
b1,20,21,0.105000
b2,50,42,0.210000
b3,100,50,0.250000
b4,200,140,0.700000
