label,budget,win_count,win_rate
b0,10,1026,0.202607
b1,20,1157,0.228476
b2,50,1920,0.379147
b3,100,3535,0.698065
b4,200,4585,0.905411
