label,budget,win_count,win_rate
b0,10,0,0.000000
b1,20,0,0.000000
b2,50,1,0.000781
b3,100,20,0.015613
b4,200,1281,1.000000
