label,budget,win_count,win_rate
b0,10,162,0.032394
b1,20,464,0.092781
b2,50,1468,0.293541
b3,100,2449,0.489702
b4,200,4718,0.943411
