label,budget,win_count,win_rate
b0,10,5,0.048544
b1,20,8,0.077670
b2,50,28,0.271845
b3,100,75,0.728155
b4,200,75,0.728155
