label,budget,win_count,win_rate
b0,10,161,0.321357
b1,20,228,0.455090
b2,50,303,0.604790
b3,100,334,0.666667
b4,200,369,0.736527
