label,budget,win_count,win_rate
b0,10,47,0.004320
b1,20,338,0.031066
b2,50,2067,0.189982
b3,100,5540,0.509191
b4,200,10692,0.982721
