label,budget,win_count,win_rate
b0,10,2145,0.831073
b1,20,2094,0.811313
b2,50,2212,0.857032
b3,100,2243,0.869043
b4,200,2286,0.885703
