label,budget,win_count,win_rate
b0,10,1137,0.440527
b1,20,1808,0.700504
b2,50,1745,0.676095
b3,100,1802,0.698179
b4,200,1970,0.763270
