label,budget,win_count,win_rate
b0,10,98,0.028968
b1,20,103,0.030446
b2,50,300,0.088679
b3,100,1273,0.376293
b4,200,3354,0.991428
