label,budget,win_count,win_rate
b0,10,22,0.010737
b1,20,12,0.005857
b2,50,14,0.006833
b3,100,107,0.052221
b4,200,2036,0.993655
