label,budget,win_count,win_rate
b0,10,56,0.122538
b1,20,9,0.019694
b2,50,0,0.000000
b3,100,1,0.002188
b4,200,435,0.951860
