label,budget,win_count,win_rate
b0,10,3148,0.073158
b1,20,6093,0.141599
b2,50,17638,0.409900
b3,100,25732,0.598001
b4,200,41133,0.955914
