label,budget,win_count,win_rate
b0,10,261,0.052190
b1,20,540,0.107978
b2,50,1553,0.310538
b3,100,2917,0.583283
b4,200,4787,0.957209
