label,budget,win_count,win_rate
b0,10,316,0.063187
b1,20,810,0.161968
b2,50,1482,0.296341
b3,100,3186,0.637073
b4,200,4898,0.979404
