label,budget,win_count,win_rate
b0,10,333,0.066587
b1,20,594,0.118776
b2,50,1964,0.392721
b3,100,3410,0.681864
b4,200,4798,0.959408
