label,budget,win_count,win_rate
b0,10,581,0.116177
b1,20,892,0.178364
b2,50,2656,0.531094
b3,100,3709,0.741652
b4,200,4721,0.944011
