label,budget,win_count,win_rate
b0,10,519,0.103779
b1,20,1052,0.210358
b2,50,1999,0.399720
b3,100,3222,0.644271
b4,200,4757,0.951210
