label,budget,win_count,win_rate
b0,10,328,0.065587
b1,20,598,0.119576
b2,50,1605,0.320936
b3,100,2749,0.549690
b4,200,4766,0.953009
