label,budget,win_count,win_rate
b0,10,741,0.148170
b1,20,822,0.164367
b2,50,1218,0.243551
b3,100,2004,0.400720
b4,200,4652,0.930214
