label,budget,win_count,win_rate
b0,10,1637,0.327335
b1,20,1638,0.327534
b2,50,1645,0.328934
b3,100,1686,0.337133
b4,200,5000,0.999800
