label,budget,win_count,win_rate
b0,10,2549,0.509698
b1,20,2014,0.402719
b2,50,3017,0.603279
b3,100,3560,0.711858
b4,200,4342,0.868226
