label,budget,win_count,win_rate
b0,10,341,0.068186
b1,20,956,0.191162
b2,50,1357,0.271346
b3,100,1749,0.349730
b4,200,4993,0.998400
