label,budget,win_count,win_rate
b0,10,126,0.025195
b1,20,145,0.028994
b2,50,2437,0.487303
b3,100,3212,0.642272
b4,200,4914,0.982603
