label,budget,win_count,win_rate
b0,10,139,0.027794
b1,20,191,0.038192
b2,50,373,0.074585
b3,100,4638,0.927415
b4,200,4879,0.975605
