label,budget,win_count,win_rate
b0,10,626,0.125175
b1,20,1128,0.225555
b2,50,2153,0.430514
b3,100,3309,0.661668
b4,200,4778,0.955409
