label,budget,win_count,win_rate
b0,10,1035,0.206959
b1,20,1385,0.276945
b2,50,2471,0.494101
b3,100,2821,0.564087
b4,200,4136,0.827035
