label,budget,win_count,win_rate
b0,10,122,0.024395
b1,20,213,0.042591
b2,50,357,0.071386
b3,100,1357,0.271346
b4,200,4735,0.946811
