label,budget,win_count,win_rate
b0,10,3259,0.651670
b1,20,901,0.180164
b2,50,1325,0.264947
b3,100,1525,0.304939
b4,200,1686,0.337133
