label,budget,win_count,win_rate
b0,10,1172,0.234353
b1,20,1322,0.264347
b2,50,1931,0.386123
b3,100,2932,0.586283
b4,200,4801,0.960008
