label,budget,win_count,win_rate
b0,10,397,0.079384
b1,20,788,0.157568
b2,50,1317,0.263347
b3,100,2977,0.595281
b4,200,4768,0.953409
