label,budget,win_count,win_rate
b0,10,229,0.045791
b1,20,1352,0.270346
b2,50,1126,0.225155
b3,100,1925,0.384923
b4,200,4587,0.917217
