label,budget,win_count,win_rate
b0,10,294,0.058788
b1,20,256,0.051190
b2,50,528,0.105579
b3,100,1316,0.263147
b4,200,4793,0.958408
