label,budget,win_count,win_rate
b0,10,906,0.181164
b1,20,1163,0.232553
b2,50,1198,0.239552
b3,100,1238,0.247550
b4,200,4648,0.929414
