label,budget,win_count,win_rate
b0,10,107,0.021396
b1,20,225,0.044991
b2,50,2269,0.453709
b3,100,4929,0.985603
b4,200,4960,0.991802
