label,budget,win_count,win_rate
b0,10,438,0.087582
b1,20,711,0.142172
b2,50,2504,0.500700
b3,100,3645,0.728854
b4,200,4901,0.980004
