label,budget,win_count,win_rate
b0,10,415,0.082983
b1,20,530,0.105979
b2,50,1716,0.343131
b3,100,3545,0.708858
b4,200,4949,0.989602
