label,budget,win_count,win_rate
b0,10,262,0.052390
b1,20,5001,1.000000
b2,50,5001,1.000000
b3,100,5001,1.000000
b4,200,5001,1.000000
