label,budget,win_count,win_rate
b0,10,1657,0.331334
b1,20,1654,0.330734
b2,50,1654,0.330734
b3,100,1654,0.330734
b4,200,4997,0.999200
