label,budget,win_count,win_rate
b0,10,1347,0.269346
b1,20,2698,0.539492
b2,50,2091,0.418116
b3,100,3372,0.674265
b4,200,4369,0.873625
