label,budget,win_count,win_rate
b0,10,303,0.060588
b1,20,282,0.056389
b2,50,444,0.088782
b3,100,493,0.098580
b4,200,4770,0.953809
