label,budget,win_count,win_rate
b0,10,230,0.045991
b1,20,977,0.195361
b2,50,1239,0.247750
b3,100,1339,0.267746
b4,200,4690,0.937812
