label,budget,win_count,win_rate
b0,10,1064,0.212757
b1,20,1545,0.308938
b2,50,1375,0.274945
b3,100,4650,0.929814
b4,200,4927,0.985203
