label,budget,win_count,win_rate
b0,10,171,0.034193
b1,20,3372,0.674265
b2,50,3871,0.774045
b3,100,4331,0.866027
b4,200,4266,0.853029
