label,budget,win_count,win_rate
b0,10,640,0.127974
b1,20,2257,0.451310
b2,50,2889,0.577684
b3,100,3139,0.627674
b4,200,4962,0.992202
