label,budget,win_count,win_rate
b0,10,687,0.137373
b1,20,1011,0.202160
b2,50,1206,0.241152
b3,100,1244,0.248750
b4,200,4634,0.926615
