label,budget,win_count,win_rate
b0,10,486,0.097181
b1,20,512,0.102380
b2,50,643,0.128574
b3,100,946,0.189162
b4,200,4933,0.986403
