label,budget,win_count,win_rate
b0,10,380,0.075985
b1,20,383,0.076585
b2,50,998,0.199560
b3,100,1713,0.342531
b4,200,4858,0.971406
