label,budget,win_count,win_rate
b0,10,1610,0.321936
b1,20,1649,0.329734
b2,50,1655,0.330934
b3,100,2289,0.457708
b4,200,3271,0.654069
