label,budget,win_count,win_rate
b0,10,392,0.078384
b1,20,300,0.059988
b2,50,367,0.073385
b3,100,1025,0.204959
b4,200,4832,0.966207
