label,budget,win_count,win_rate
b0,10,626,0.125175
b1,20,1000,0.199960
b2,50,2388,0.477504
b3,100,2768,0.553489
b4,200,4808,0.961408
