label,budget,win_count,win_rate
b0,10,1002,0.200360
b1,20,1127,0.225355
b2,50,1315,0.262947
b3,100,1532,0.306339
b4,200,4321,0.864027
