label,budget,win_count,win_rate
b0,10,1258,0.251550
b1,20,342,0.068386
b2,50,828,0.165567
b3,100,2356,0.471106
b4,200,3832,0.766247
