label,budget,win_count,win_rate
b0,10,1320,0.263947
b1,20,1361,0.272146
b2,50,1672,0.334333
b3,100,2004,0.400720
b4,200,4993,0.998400
