label,budget,win_count,win_rate
b0,10,44,0.060192
b1,20,53,0.072503
b2,50,156,0.213406
b3,100,387,0.529412
b4,200,697,0.953488
