label,budget,win_count,win_rate
b0,10,43,0.024870
b1,20,38,0.021978
b2,50,1100,0.636206
b3,100,1296,0.749566
b4,200,1572,0.909196
