label,budget,win_count,win_rate
b0,10,1,0.002309
b1,20,53,0.122402
b2,50,80,0.184758
b3,100,181,0.418014
b4,200,413,0.953811
