label,budget,win_count,win_rate
b0,10,16546,0.198184
b1,20,11451,0.137157
b2,50,22607,0.270781
b3,100,30946,0.370664
b4,200,74765,0.895518
