label,budget,win_count,win_rate
b0,10,139,0.094558
b1,20,237,0.161224
b2,50,420,0.285714
b3,100,779,0.529932
b4,200,1285,0.874150
