label,budget,win_count,win_rate
b0,10,17,0.033138
b1,20,31,0.060429
b2,50,191,0.372320
b3,100,329,0.641326
b4,200,476,0.927875
