label,budget,win_count,win_rate
b0,10,1196,0.119588
b1,20,2256,0.225577
b2,50,3495,0.349465
b3,100,6635,0.663434
b4,200,9721,0.972003
