label,budget,win_count,win_rate
b0,10,333,0.301904
b1,20,315,0.285585
b2,50,597,0.541251
b3,100,812,0.736174
b4,200,917,0.831369
