label,budget,win_count,win_rate
b0,10,9040,0.723142
b1,20,8945,0.715543
b2,50,9367,0.749300
b3,100,9579,0.766259
b4,200,9673,0.773778
