label,budget,win_count,win_rate
b0,10,11,0.234043
b1,20,26,0.553191
b2,50,27,0.574468
b3,100,27,0.574468
b4,200,27,0.574468
