label,budget,win_count,win_rate
b0,10,3,0.073171
b1,20,13,0.317073
b2,50,35,0.853659
b3,100,35,0.853659
b4,200,35,0.853659
