label,budget,win_count,win_rate
b0,10,1889,0.188881
b1,20,2463,0.246275
b2,50,5904,0.590341
b3,100,7334,0.733327
b4,200,9231,0.923008
