label,budget,win_count,win_rate
b0,10,817,0.081692
b1,20,1535,0.153485
b2,50,5365,0.536446
b3,100,7499,0.749825
b4,200,9429,0.942806
