label,budget,win_count,win_rate
b0,10,56,0.223108
b1,20,66,0.262948
b2,50,94,0.374502
b3,100,138,0.549801
b4,200,205,0.816733
