label,budget,win_count,win_rate
b0,10,1750,0.174983
b1,20,3064,0.306369
b2,50,5779,0.577842
b3,100,7814,0.781322
b4,200,9022,0.902110
