label,budget,win_count,win_rate
b0,10,1099,0.115623
b1,20,2615,0.275118
b2,50,6191,0.651341
b3,100,7206,0.758127
b4,200,7816,0.822304
