label,budget,win_count,win_rate
b0,10,841,0.382099
b1,20,1248,0.567015
b2,50,1233,0.560200
b3,100,1555,0.706497
b4,200,1889,0.858246
