label,budget,win_count,win_rate
b0,10,137,0.071317
b1,20,197,0.102551
b2,50,266,0.138470
b3,100,659,0.343050
b4,200,1880,0.978657
