label,budget,win_count,win_rate
b0,10,84,0.043727
b1,20,134,0.069755
b2,50,501,0.260802
b3,100,734,0.382093
b4,200,1858,0.967205
