label,budget,win_count,win_rate
b0,10,32,0.063872
b1,20,110,0.219561
b2,50,204,0.407186
b3,100,302,0.602794
b4,200,446,0.890220
