label,budget,win_count,win_rate
b0,10,4757,0.095138
b1,20,11895,0.237895
b2,50,19894,0.397872
b3,100,34543,0.690846
b4,200,45763,0.915242
