label,budget,win_count,win_rate
b0,10,574,0.114777
b1,20,1051,0.210158
b2,50,2188,0.437512
b3,100,3148,0.629474
b4,200,4402,0.880224
