label,budget,win_count,win_rate
b0,10,2,0.011364
b1,20,1,0.005682
b2,50,0,0.000000
b3,100,84,0.477273
b4,200,169,0.960227
