label,budget,win_count,win_rate
b0,10,270,0.188285
b1,20,328,0.228731
b2,50,350,0.244073
b3,100,604,0.421199
b4,200,1315,0.917015
