label,budget,win_count,win_rate
b0,10,424,0.182209
b1,20,726,0.311990
b2,50,1277,0.548775
b3,100,1624,0.697894
b4,200,2074,0.891276
