label,budget,win_count,win_rate
b0,10,11,0.016369
b1,20,23,0.034226
b2,50,66,0.098214
b3,100,211,0.313988
b4,200,629,0.936012
