label,budget,win_count,win_rate
b0,10,2,0.019231
b1,20,3,0.028846
b2,50,18,0.173077
b3,100,87,0.836538
b4,200,87,0.836538
