label,budget,win_count,win_rate
b0,10,38,0.050198
b1,20,55,0.072655
b2,50,112,0.147952
b3,100,380,0.501982
b4,200,652,0.861295
