label,budget,win_count,win_rate
b0,10,16,0.161616
b1,20,5,0.050505
b2,50,8,0.080808
b3,100,79,0.797980
b4,200,79,0.797980
