label,budget,win_count,win_rate
b0,10,10,0.026385
b1,20,21,0.055409
b2,50,26,0.068602
b3,100,46,0.121372
b4,200,363,0.957784
