label,budget,win_count,win_rate
b0,10,0,0.000000
b1,20,1,0.010101
b2,50,11,0.111111
b3,100,88,0.888889
b4,200,88,0.888889
