label,budget,win_count,win_rate
b0,10,3,0.030303
b1,20,5,0.050505
b2,50,17,0.171717
b3,100,80,0.808081
b4,200,80,0.808081
