label,budget,win_count,win_rate
b0,10,0,0.000000
b1,20,0,0.000000
b2,50,3,0.023077
b3,100,15,0.115385
b4,200,117,0.900000
