label,budget,win_count,win_rate
b0,10,138,0.255083
b1,20,86,0.158965
b2,50,111,0.205176
b3,100,242,0.447320
b4,200,397,0.733826
