label,budget,win_count,win_rate
b0,10,135,0.070276
b1,20,150,0.078084
b2,50,319,0.166059
b3,100,683,0.355544
b4,200,1872,0.974492
