label,budget,win_count,win_rate
b0,10,67,0.046495
b1,20,78,0.054129
b2,50,204,0.141568
b3,100,542,0.376128
b4,200,1391,0.965302
