label,budget,win_count,win_rate
b0,10,13,0.025391
b1,20,47,0.091797
b2,50,70,0.136719
b3,100,186,0.363281
b4,200,475,0.927734
