label,budget,win_count,win_rate
b0,10,3,0.006928
b1,20,72,0.166282
b2,50,161,0.371824
b3,100,221,0.510393
b4,200,401,0.926097
