label,budget,win_count,win_rate
b0,10,4328,0.161300
b1,20,7084,0.264013
b2,50,16970,0.632454
b3,100,22954,0.855471
b4,200,25755,0.959861
