label,budget,win_count,win_rate
b0,10,32,0.065708
b1,20,83,0.170431
b2,50,112,0.229979
b3,100,177,0.363450
b4,200,469,0.963039
