label,budget,win_count,win_rate
b0,10,17,0.033203
b1,20,29,0.056641
b2,50,93,0.181641
b3,100,231,0.451172
b4,200,478,0.933594
