label,budget,win_count,win_rate
b0,10,17,0.012418
b1,20,132,0.096421
b2,50,425,0.310446
b3,100,756,0.552228
b4,200,1306,0.953981
