label,budget,win_count,win_rate
b0,10,33,0.021927
b1,20,60,0.039867
b2,50,237,0.157475
b3,100,545,0.362126
b4,200,1464,0.972757
