label,budget,win_count,win_rate
b0,10,490,0.255075
b1,20,653,0.339927
b2,50,971,0.505466
b3,100,1182,0.615305
b4,200,1791,0.932327
