label,budget,win_count,win_rate
b0,10,280,0.107983
b1,20,270,0.104126
b2,50,742,0.286155
b3,100,1604,0.618589
b4,200,2470,0.952565
