label,budget,win_count,win_rate
b0,10,10,0.004338
b1,20,23,0.009978
b2,50,356,0.154447
b3,100,383,0.166161
b4,200,2202,0.955315
