label,budget,win_count,win_rate
b0,10,82,0.023970
b1,20,84,0.024554
b2,50,295,0.086232
b3,100,1671,0.488454
b4,200,3374,0.986261
