label,budget,win_count,win_rate
b0,10,3402,0.103818
b1,20,6703,0.204553
b2,50,13604,0.415148
b3,100,21634,0.660197
b4,200,30578,0.933138
