label,budget,win_count,win_rate
b0,10,1483,0.034464
b1,20,13658,0.317406
b2,50,25595,0.594818
b3,100,29659,0.689263
b4,200,35004,0.813479
