label,budget,win_count,win_rate
b0,10,20,0.025674
b1,20,40,0.051348
b2,50,77,0.098845
b3,100,147,0.188703
b4,200,775,0.994865
