label,budget,win_count,win_rate
b0,10,225,0.692308
b1,20,253,0.778462
b2,50,325,1.000000
b3,100,325,1.000000
b4,200,325,1.000000
