label,budget,win_count,win_rate
b0,10,80,0.108696
b1,20,155,0.210598
b2,50,296,0.402174
b3,100,424,0.576087
b4,200,686,0.932065
