label,budget,win_count,win_rate
b0,10,434,0.123225
b1,20,379,0.107609
b2,50,1357,0.385292
b3,100,2283,0.648211
b4,200,3311,0.940091
