label,budget,win_count,win_rate
b0,10,4,0.032258
b1,20,4,0.032258
b2,50,27,0.217742
b3,100,81,0.653226
b4,200,92,0.741935
