label,budget,win_count,win_rate
b0,10,3,0.030303
b1,20,3,0.030303
b2,50,1,0.010101
b3,100,94,0.949495
b4,200,94,0.949495
