label,budget,win_count,win_rate
b0,10,10,0.101010
b1,20,5,0.050505
b2,50,13,0.131313
b3,100,84,0.848485
b4,200,84,0.848485
