label,budget,win_count,win_rate
b0,10,2,0.020202
b1,20,3,0.030303
b2,50,5,0.050505
b3,100,95,0.959596
b4,200,95,0.959596
