label,budget,win_count,win_rate
b0,10,124,0.086051
b1,20,146,0.101319
b2,50,211,0.146426
b3,100,438,0.303956
b4,200,1404,0.974323
