label,budget,win_count,win_rate
b0,10,39,0.048750
b1,20,98,0.122500
b2,50,212,0.265000
b3,100,372,0.465000
b4,200,733,0.916250
