label,budget,win_count,win_rate
b0,10,673,0.025082
b1,20,5139,0.191525
b2,50,6352,0.236732
b3,100,8275,0.308400
b4,200,26561,0.989900
