label,budget,win_count,win_rate
b0,10,0,0.000000
b1,20,2,0.003466
b2,50,8,0.013865
b3,100,41,0.071057
b4,200,571,0.989601
