label,budget,win_count,win_rate
b0,10,345,0.068986
b1,20,1037,0.207359
b2,50,2055,0.410918
b3,100,3397,0.679264
b4,200,4856,0.971006
