label,budget,win_count,win_rate
b0,10,204,0.040792
b1,20,596,0.119176
b2,50,1857,0.371326
b3,100,3084,0.616677
b4,200,4779,0.955609
