label,budget,win_count,win_rate
b0,10,369,0.073785
b1,20,822,0.164367
b2,50,2085,0.416917
b3,100,3190,0.637872
b4,200,4829,0.965607
