label,budget,win_count,win_rate
b0,10,996,0.199160
b1,20,912,0.182364
b2,50,1718,0.343531
b3,100,3121,0.624075
b4,200,4823,0.964407
