budget,label,stability,performance_mae
0.1,b0,0.950000,3.631613
0.3,b1,0.970000,2.396817
0.5,b2,1.000000,0.615478
0.7,b3,1.000000,0.439309
0.9,b4,1.000000,0.317865
