budget,label,stability,performance_mae
0.1,b0,0.570000,18.092129
0.3,b1,0.750000,18.148632
0.5,b2,0.920000,17.397403
0.7,b3,0.930000,17.168447
0.9,b4,0.970000,17.048161
