budget,label,stability,performance_mae
0.1,b0,0.530000,44.441884
0.3,b1,0.420000,41.808810
0.5,b2,0.690000,37.669575
0.7,b3,0.820000,36.640565
0.9,b4,1.000000,31.902386
