budget,label,stability,performance_mae
0.1,b0,1.000000,12.040491
0.3,b1,0.990000,9.417061
0.5,b2,0.990000,4.284756
0.7,b3,0.990000,2.851770
0.9,b4,0.990000,1.836262
