budget,label,stability,performance_mae
0.1,b0,0.970000,13.395083
0.3,b1,0.970000,11.815711
0.5,b2,0.960000,11.351921
0.7,b3,0.970000,11.101161
0.9,b4,0.970000,10.911122
