budget,label,stability,performance_mae
0.1,b0,0.020619,58.961032
0.3,b1,0.288660,27.602800
0.5,b2,0.453608,20.805441
0.7,b3,0.659794,18.500049
0.9,b4,0.979381,14.773917
