budget,label,stability,performance_mae
0.1,b0,0.370000,32.153491
0.3,b1,0.790000,27.779011
0.5,b2,0.900000,20.733422
0.7,b3,1.000000,16.099380
0.9,b4,1.000000,15.477979
