budget,label,stability,performance_mae
0.1,b0,0.950000,14.166848
0.3,b1,0.950000,12.552460
0.5,b2,1.000000,11.295135
0.7,b3,1.000000,11.056210
0.9,b4,1.000000,10.993083
