budget,label,stability,performance_mae
0.1,b0,0.410000,2.695575
0.3,b1,0.900000,0.263157
0.5,b2,0.980000,0.172064
0.7,b3,1.000000,0.152903
0.9,b4,1.000000,0.144523
