budget,label,stability,performance_mae
0.1,b0,1.000000,15.031633
0.3,b1,1.000000,9.855949
0.5,b2,1.000000,8.550660
0.7,b3,1.000000,7.869578
0.9,b4,1.000000,7.442368
