budget,label,stability,performance_mae
0.1,b0,0.790000,19.675335
0.3,b1,1.000000,16.945130
0.5,b2,1.000000,13.742562
0.7,b3,1.000000,11.276646
0.9,b4,1.000000,9.828495
