budget,label,stability,performance_mae
0.1,b0,0.680000,36.597651
0.3,b1,0.660000,35.147863
0.5,b2,0.540000,35.547028
0.7,b3,0.610000,35.449270
0.9,b4,0.570000,35.350170
