budget,label,stability,performance_mae
0.1,b0,0.400000,34.976566
0.3,b1,0.470000,35.249720
0.5,b2,0.420000,34.542421
0.7,b3,0.550000,34.784216
0.9,b4,0.560000,35.582948
