budget,label,stability,performance_mae
0.1,b0,0.990000,1.601315
0.3,b1,1.000000,0.835215
0.5,b2,0.990000,0.640301
0.7,b3,0.990000,0.556684
0.9,b4,1.000000,0.503975
