budget,label,stability,performance_mae
0.1,b0,0.380000,32.644477
0.3,b1,0.310000,33.456018
0.5,b2,0.370000,33.482788
0.7,b3,0.360000,34.076918
0.9,b4,0.460000,35.038933
