budget,label,stability,performance_mae
0.1,b0,0.890000,15.245013
0.3,b1,1.000000,8.957079
0.5,b2,1.000000,7.800432
0.7,b3,1.000000,7.297242
0.9,b4,1.000000,7.142499
