budget,label,stability,performance_mae
0.1,b0,0.940000,6.733039
0.3,b1,0.970000,4.944523
0.5,b2,0.980000,4.897060
0.7,b3,0.980000,4.946166
0.9,b4,0.990000,5.119727
