budget,label,stability,performance_mae
0.1,b0,1.000000,18.012319
0.3,b1,0.960000,16.693957
0.5,b2,0.970000,15.106017
0.7,b3,1.000000,11.843372
0.9,b4,1.000000,11.627734
