budget,label,stability,performance_mae
0.1,b0,0.950000,10.681897
0.3,b1,0.990000,6.914638
0.5,b2,1.000000,5.483797
0.7,b3,1.000000,4.536375
0.9,b4,1.000000,3.711454
