budget,label,stability,performance_mae
0.1,b0,1.000000,17.615265
0.3,b1,1.000000,12.347177
0.5,b2,1.000000,9.501137
0.7,b3,1.000000,8.059642
0.9,b4,1.000000,7.146610
