budget,label,stability,performance_mae
0.1,b0,1.000000,17.690121
0.3,b1,1.000000,12.924849
0.5,b2,1.000000,10.941001
0.7,b3,1.000000,9.791659
0.9,b4,1.000000,9.036442
