budget,label,stability,performance_mae
0.1,b0,1.000000,15.481563
0.3,b1,1.000000,11.202119
0.5,b2,1.000000,9.079457
0.7,b3,1.000000,7.269623
0.9,b4,1.000000,6.376732
