budget,label,stability,performance_mae
0.1,b0,1.000000,19.098157
0.3,b1,1.000000,14.485734
0.5,b2,1.000000,12.988982
0.7,b3,1.000000,11.770749
0.9,b4,1.000000,11.097655
