budget,label,stability,performance_mae
0.1,b0,1.000000,13.870881
0.3,b1,1.000000,10.177953
0.5,b2,1.000000,8.985752
0.7,b3,1.000000,8.252760
0.9,b4,1.000000,7.727951
