budget,label,stability,performance_mae
0.1,b0,1.000000,13.823127
0.3,b1,1.000000,9.978198
0.5,b2,1.000000,8.719804
0.7,b3,1.000000,7.916754
0.9,b4,1.000000,7.368269
