budget,label,stability,performance_mae
0.1,b0,0.670000,19.469313
0.3,b1,0.670000,15.932971
0.5,b2,0.670000,14.562971
0.7,b3,0.670000,13.316877
0.9,b4,0.900000,12.754854
