budget,label,stability,performance_mae
0.1,b0,0.860000,13.977453
0.3,b1,0.990000,10.243848
0.5,b2,0.960000,9.962869
0.7,b3,0.980000,9.908248
0.9,b4,0.980000,9.832006
