budget,label,stability,performance_mae
0.1,b0,0.950000,8.844896
0.3,b1,0.950000,8.084616
0.5,b2,0.950000,7.910669
0.7,b3,0.970000,7.459935
0.9,b4,0.980000,7.053276
