budget,label,stability,performance_mae
0.1,b0,1.000000,4.760228
0.3,b1,1.000000,3.322243
0.5,b2,1.000000,3.398237
0.7,b3,1.000000,3.372293
0.9,b4,1.000000,3.410291
