budget,label,stability,performance_mae
0.1,b0,0.990000,5.426224
0.3,b1,0.990000,3.533189
0.5,b2,1.000000,3.553688
0.7,b3,1.000000,3.623908
0.9,b4,1.000000,3.660810
