budget,label,stability,performance_mae
0.1,b0,0.750000,15.017138
0.3,b1,0.790000,11.606733
0.5,b2,0.790000,10.209223
0.7,b3,0.770000,9.672919
0.9,b4,0.820000,9.217610
