budget,label,stability,performance_mae
0.1,b0,0.940000,16.137509
0.3,b1,0.960000,6.270582
0.5,b2,0.980000,0.806701
0.7,b3,0.980000,0.626216
0.9,b4,1.000000,0.541665
