budget,label,stability,performance_mae
0.1,b0,1.000000,10.636006
0.3,b1,1.000000,6.988902
0.5,b2,1.000000,5.858515
0.7,b3,1.000000,4.622112
0.9,b4,1.000000,4.246378
