budget,label,stability,performance_mae
0.1,b0,0.880000,7.842992
0.3,b1,0.980000,2.658174
0.5,b2,1.000000,2.447216
0.7,b3,1.000000,2.392706
0.9,b4,1.000000,2.396320
