budget,label,stability,performance_mae
0.1,b0,0.980000,8.132453
0.3,b1,1.000000,8.254724
0.5,b2,0.990000,7.551010
0.7,b3,1.000000,7.499077
0.9,b4,1.000000,7.475936
