budget,label,stability,performance_mae
0.1,b0,0.670000,52.156531
0.3,b1,0.910000,25.701114
0.5,b2,1.000000,18.523311
0.7,b3,1.000000,17.730418
0.9,b4,1.000000,17.424742
