budget,label,stability,performance_mae
0.1,b0,0.640000,10.641300
0.3,b1,0.640000,4.698178
0.5,b2,0.640000,2.966348
0.7,b3,1.000000,1.858133
0.9,b4,1.000000,1.257206
