budget,label,stability,performance_mae
0.1,b0,0.660000,39.406630
0.3,b1,1.000000,40.506454
0.5,b2,1.000000,40.652211
0.7,b3,1.000000,40.550178
0.9,b4,1.000000,40.463810
