budget,label,stability,performance_mae
0.1,b0,0.500000,27.464918
0.3,b1,0.640000,25.499983
0.5,b2,0.710000,25.251218
0.7,b3,0.800000,25.162227
0.9,b4,0.890000,25.109986
