budget,label,stability,performance_mae
0.1,b0,0.660000,18.071316
0.3,b1,0.730000,16.233572
0.5,b2,0.770000,15.598096
0.7,b3,0.810000,15.426630
0.9,b4,0.880000,15.406107
