budget,label,stability,performance_mae
0.1,b0,0.710000,29.336681
0.3,b1,0.820000,26.819587
0.5,b2,0.830000,26.282427
0.7,b3,0.840000,26.064362
0.9,b4,0.910000,26.177341
