budget,label,stability,performance_mae
0.1,b0,0.900000,9.562173
0.3,b1,0.940000,8.955067
0.5,b2,0.940000,8.806369
0.7,b3,0.950000,8.688428
0.9,b4,0.990000,8.646594
