budget,label,stability,performance_mae
0.1,b0,0.850000,17.828185
0.3,b1,0.990000,14.005838
0.5,b2,0.990000,12.463662
0.7,b3,0.990000,11.706386
0.9,b4,1.000000,11.282299
