budget,label,stability,performance_mae
0.1,b0,1.000000,9.230280
0.3,b1,1.000000,5.546105
0.5,b2,1.000000,4.946141
0.7,b3,1.000000,4.826995
0.9,b4,1.000000,4.848567
