budget,label,stability,performance_mae
0.1,b0,1.000000,0.000000
0.3,b1,1.000000,0.000000
0.5,b2,1.000000,0.000000
0.7,b3,1.000000,0.000000
0.9,b4,1.000000,0.000000
