budget,label,stability,performance_mae
0.1,b0,0.700000,17.771815
0.3,b1,0.710000,16.039943
0.5,b2,0.720000,15.667090
0.7,b3,0.690000,15.316201
0.9,b4,0.720000,15.332384
