budget,label,stability,performance_mae
0.1,b0,0.780000,19.992667
0.3,b1,0.740000,14.245564
0.5,b2,0.760000,12.614986
0.7,b3,0.750000,12.270469
0.9,b4,0.820000,12.223652
