budget,label,stability,performance_mae
0.1,b0,0.620000,40.071408
0.3,b1,0.640000,25.907995
0.5,b2,0.630000,22.570943
0.7,b3,0.670000,19.129006
0.9,b4,0.730000,18.133741
