budget,label,stability,performance_mae
0.1,b0,0.880000,24.141482
0.3,b1,0.990000,18.595510
0.5,b2,0.980000,18.501756
0.7,b3,1.000000,18.507505
0.9,b4,1.000000,18.515205
