budget,label,stability,performance_mae
0.1,b0,0.950000,24.014833
0.3,b1,1.000000,13.310433
0.5,b2,1.000000,12.587131
0.7,b3,1.000000,12.338885
0.9,b4,1.000000,12.182093
