budget,label,stability,performance_mae
0.1,b0,0.690000,40.881266
0.3,b1,0.700000,22.847768
0.5,b2,0.700000,10.093444
0.7,b3,0.710000,3.265063
0.9,b4,1.000000,0.518015
