budget,label,stability,performance_mae
0.1,b0,0.980000,25.550949
0.3,b1,1.000000,13.960319
0.5,b2,1.000000,13.743554
0.7,b3,1.000000,13.655462
0.9,b4,1.000000,13.571060
