budget,label,stability,performance_mae
0.1,b0,0.990000,5.158118
0.3,b1,1.000000,3.275980
0.5,b2,1.000000,2.760830
0.7,b3,1.000000,2.482605
0.9,b4,1.000000,2.303603
