budget,label,stability,performance_mae
0.1,b0,0.160000,38.572960
0.3,b1,0.170000,35.820792
0.5,b2,0.230000,31.115557
0.7,b3,0.280000,21.428457
0.9,b4,0.990000,14.998997
