budget,label,stability,performance_mae
0.1,b0,0.330000,43.571148
0.3,b1,0.590000,34.015738
0.5,b2,0.640000,31.907194
0.7,b3,0.690000,31.189752
0.9,b4,0.750000,30.762081
