budget,label,stability,performance_mae
0.1,b0,0.690000,10.864399
0.3,b1,0.750000,9.131746
0.5,b2,0.800000,8.425829
0.7,b3,0.890000,8.085922
0.9,b4,0.970000,8.137799
