budget,label,stability,performance_mae
0.1,b0,1.000000,8.720397
0.3,b1,0.990000,4.296593
0.5,b2,1.000000,3.518053
0.7,b3,1.000000,2.853171
0.9,b4,1.000000,2.662534
