budget,label,stability,performance_mae
0.1,b0,0.920000,11.562583
0.3,b1,1.000000,7.176340
0.5,b2,1.000000,6.856221
0.7,b3,0.990000,6.768180
0.9,b4,1.000000,6.709000
