budget,label,stability,performance_mae
0.1,b0,0.930000,20.860743
0.3,b1,1.000000,5.451332
0.5,b2,1.000000,5.276803
0.7,b3,1.000000,5.281835
0.9,b4,1.000000,5.255603
