budget,label,stability,performance_mae
0.1,b0,0.850000,13.950073
0.3,b1,0.960000,11.846365
0.5,b2,0.980000,11.846089
0.7,b3,0.990000,11.803413
0.9,b4,0.990000,11.811825
