budget,label,stability,performance_mae
0.1,b0,0.920000,17.147984
0.3,b1,0.980000,11.553055
0.5,b2,1.000000,10.518620
0.7,b3,1.000000,10.133323
0.9,b4,1.000000,10.004531
