budget,label,stability,performance_mae
0.1,b0,0.070000,30.933116
0.3,b1,0.710000,15.836238
0.5,b2,0.950000,10.831868
0.7,b3,0.970000,8.283774
0.9,b4,0.990000,6.420740
