budget,label,stability,performance_mae
0.1,b0,0.430000,22.715581
0.3,b1,0.960000,4.703385
0.5,b2,1.000000,2.311402
0.7,b3,1.000000,2.091995
0.9,b4,1.000000,2.047703
