budget,label,stability,performance_mae
0.1,b0,0.000000,123.005928
0.3,b1,0.880000,39.845568
0.5,b2,0.950000,32.090985
0.7,b3,1.000000,21.173175
0.9,b4,1.000000,13.766026
