budget,label,stability,performance_mae
0.1,b0,0.030000,33.669043
0.3,b1,0.500000,23.147757
0.5,b2,0.680000,19.259372
0.7,b3,0.770000,16.652204
0.9,b4,0.850000,15.000712
