budget,label,stability,performance_mae
0.1,b0,0.510000,18.286099
0.3,b1,0.930000,10.815422
0.5,b2,0.920000,9.615071
0.7,b3,0.910000,9.134498
0.9,b4,0.990000,8.767982
