budget,label,stability,performance_mae
0.1,b0,1.000000,14.327444
0.3,b1,1.000000,11.176766
0.5,b2,1.000000,9.888361
0.7,b3,1.000000,9.264619
0.9,b4,1.000000,8.750778
