budget,label,stability,performance_mae
0.1,b0,1.000000,28.830764
0.3,b1,1.000000,23.336679
0.5,b2,1.000000,20.709770
0.7,b3,1.000000,19.428442
0.9,b4,1.000000,18.511388
