budget,label,stability,performance_mae
0.1,b0,0.000000,100.267074
0.3,b1,0.000000,99.545922
0.5,b2,0.000000,98.953390
0.7,b3,0.000000,98.790651
0.9,b4,0.020000,98.018218
