budget,label,stability,performance_mae
0.1,b0,1.000000,38.741121
0.3,b1,1.000000,42.011750
0.5,b2,1.000000,38.604592
0.7,b3,1.000000,37.860548
0.9,b4,1.000000,35.766700
