budget,label,stability,performance_mae
0.1,b0,0.000000,50.210675
0.3,b1,0.000000,57.736633
0.5,b2,0.024390,41.211130
0.7,b3,0.073171,36.653389
0.9,b4,0.097561,33.792165
