budget,label,stability,performance_mae
0.1,b0,0.320000,37.741331
0.3,b1,0.450000,32.670151
0.5,b2,0.490000,31.318545
0.7,b3,0.500000,30.794651
0.9,b4,0.560000,30.488246
