budget,label,stability,performance_mae
0.1,b0,0.230000,36.283850
0.3,b1,0.310000,31.376992
0.5,b2,0.330000,30.807098
0.7,b3,0.390000,30.365681
0.9,b4,0.390000,30.250402
