budget,label,stability,performance_mae
0.1,b0,0.000000,70.013889
0.3,b1,0.010000,62.720426
0.5,b2,0.010000,57.027461
0.7,b3,0.050000,56.329706
0.9,b4,0.140000,54.854483
