budget,label,stability,performance_mae
0.1,b0,0.900000,25.612278
0.3,b1,0.900000,23.489889
0.5,b2,0.850000,23.329179
0.7,b3,0.910000,23.046590
0.9,b4,0.910000,22.987848
