budget,label,stability,performance_mae
0.1,b0,0.000000,106.100556
0.3,b1,0.010000,104.370189
0.5,b2,0.180000,104.244098
0.7,b3,0.390000,104.721975
0.9,b4,0.810000,104.682121
