budget,label,stability,performance_mae
0.1,b0,0.020000,29.526003
0.3,b1,0.070000,26.990152
0.5,b2,0.340000,23.079333
0.7,b3,0.600000,20.735210
0.9,b4,0.820000,19.439088
