budget,label,stability,performance_mae
0.1,b0,0.180000,56.997584
0.3,b1,0.600000,42.001673
0.5,b2,0.840000,20.880757
0.7,b3,0.970000,9.808795
0.9,b4,1.000000,7.015345
