budget,label,stability,performance_mae
0.1,b0,0.690000,17.073852
0.3,b1,0.800000,8.825319
0.5,b2,0.940000,6.459727
0.7,b3,0.980000,5.692286
0.9,b4,1.000000,5.408782
