budget,label,stability,performance_mae
0.1,b0,1.000000,19.045402
0.3,b1,1.000000,14.652076
0.5,b2,1.000000,12.684218
0.7,b3,1.000000,11.161633
0.9,b4,1.000000,9.595274
