budget,label,stability,performance_mae
0.1,b0,1.000000,12.799547
0.3,b1,1.000000,9.587055
0.5,b2,1.000000,8.116053
0.7,b3,1.000000,6.634965
0.9,b4,1.000000,5.890475
