budget,label,stability,performance_mae
0.1,b0,1.000000,29.516165
0.3,b1,1.000000,22.026565
0.5,b2,1.000000,19.268991
0.7,b3,1.000000,17.244836
0.9,b4,1.000000,14.960370
