budget,label,stability,performance_mae
0.1,b0,0.000000,64.744613
0.3,b1,0.160000,36.044039
0.5,b2,0.960000,12.870132
0.7,b3,1.000000,5.422553
0.9,b4,1.000000,4.205338
