budget,label,stability,performance_mae
0.1,b0,0.080000,32.586479
0.3,b1,0.830000,16.623528
0.5,b2,0.960000,11.864073
0.7,b3,0.980000,8.034011
0.9,b4,1.000000,6.319378
