budget,label,stability,performance_mae
0.1,b0,0.050000,35.195789
0.3,b1,0.430000,28.885683
0.5,b2,0.630000,26.847405
0.7,b3,0.710000,25.440430
0.9,b4,0.810000,25.008148
