budget,label,stability,performance_mae
0.1,b0,0.080000,35.129310
0.3,b1,0.950000,10.015147
0.5,b2,0.990000,8.118496
0.7,b3,0.980000,7.276250
0.9,b4,1.000000,6.882206
