budget,label,stability,performance_mae
0.1,b0,0.210000,30.509831
0.3,b1,0.540000,17.484890
0.5,b2,0.930000,12.617758
0.7,b3,0.970000,10.403844
0.9,b4,1.000000,8.745769
