budget,label,stability,performance_mae
0.1,b0,0.220000,22.011191
0.3,b1,0.760000,13.088595
0.5,b2,0.820000,10.609346
0.7,b3,0.910000,10.179424
0.9,b4,0.960000,10.020461
