budget,label,stability,performance_mae
0.1,b0,0.030303,59.337133
0.3,b1,0.303030,48.180588
0.5,b2,0.727273,37.720360
0.7,b3,1.000000,25.864920
0.9,b4,1.000000,23.325751
