budget,label,stability,performance_mae
0.1,b0,0.330000,36.266329
0.3,b1,0.760000,15.670784
0.5,b2,0.940000,9.257902
0.7,b3,0.990000,8.223950
0.9,b4,1.000000,7.905580
