budget,label,stability,performance_mae
0.1,b0,0.171717,62.069027
0.3,b1,0.525253,47.975051
0.5,b2,0.939394,30.934536
0.7,b3,1.000000,16.401810
0.9,b4,1.000000,11.870816
