budget,label,stability,performance_mae
0.1,b0,0.000000,62.583155
0.3,b1,0.161616,53.304094
0.5,b2,0.696970,30.310420
0.7,b3,0.898990,20.548589
0.9,b4,1.000000,12.599905
