budget,label,stability,performance_mae
0.1,b0,0.520000,24.871797
0.3,b1,0.960000,9.765814
0.5,b2,1.000000,5.233248
0.7,b3,1.000000,3.286925
0.9,b4,1.000000,2.896423
