budget,label,stability,performance_mae
0.1,b0,0.580000,42.897391
0.3,b1,0.870000,31.317363
0.5,b2,1.000000,29.423728
0.7,b3,1.000000,29.136701
0.9,b4,1.000000,29.015224
