budget,label,stability,performance_mae
0.1,b0,0.950000,8.664579
0.3,b1,1.000000,4.394787
0.5,b2,1.000000,3.321814
0.7,b3,1.000000,2.696234
0.9,b4,1.000000,2.501892
