budget,label,stability,performance_mae
0.1,b0,0.570000,15.100533
0.3,b1,0.890000,6.697149
0.5,b2,0.980000,4.129344
0.7,b3,0.990000,3.446626
0.9,b4,1.000000,3.137657
