budget,label,stability,performance_mae
0.1,b0,0.870000,13.750350
0.3,b1,1.000000,7.818252
0.5,b2,1.000000,4.853749
0.7,b3,1.000000,3.470506
0.9,b4,1.000000,3.186720
