budget,label,stability,performance_mae
0.1,b0,0.000000,29.247369
0.3,b1,0.850000,7.053791
0.5,b2,0.990000,5.602527
0.7,b3,0.980000,4.358598
0.9,b4,0.980000,4.112852
