budget,label,stability,performance_mae
0.1,b0,0.860000,15.437640
0.3,b1,0.940000,9.052843
0.5,b2,0.970000,7.870911
0.7,b3,0.980000,7.612971
0.9,b4,0.980000,7.400198
