budget,label,stability,performance_mae
0.1,b0,0.390000,46.896971
0.3,b1,0.740000,37.589033
0.5,b2,0.860000,32.780562
0.7,b3,0.920000,25.740199
0.9,b4,1.000000,20.521294
