budget,label,stability,performance_mae
0.1,b0,0.850000,9.911841
0.3,b1,1.000000,4.505903
0.5,b2,1.000000,3.752024
0.7,b3,1.000000,3.568982
0.9,b4,1.000000,3.543620
