budget,label,stability,performance_mae
0.1,b0,1.000000,8.622554
0.3,b1,1.000000,3.991274
0.5,b2,1.000000,3.043832
0.7,b3,1.000000,2.358999
0.9,b4,1.000000,2.275785
