budget,label,stability,performance_mae
0.1,b0,0.960000,9.286321
0.3,b1,1.000000,4.770766
0.5,b2,1.000000,3.520135
0.7,b3,1.000000,2.960128
0.9,b4,1.000000,2.555608
