budget,label,stability,performance_mae
0.1,b0,0.300000,30.535129
0.3,b1,0.820000,13.465873
0.5,b2,0.920000,8.446925
0.7,b3,0.980000,6.164342
0.9,b4,0.990000,5.106591
