budget,label,stability,performance_mae
0.1,b0,0.480000,28.249505
0.3,b1,0.590000,23.105349
0.5,b2,0.930000,7.765812
0.7,b3,1.000000,4.618129
0.9,b4,1.000000,3.894033
