budget,label,stability,performance_mae
0.1,b0,1.000000,8.776115
0.3,b1,1.000000,4.947044
0.5,b2,1.000000,3.472336
0.7,b3,1.000000,2.214768
0.9,b4,1.000000,1.939055
