budget,label,stability,performance_mae
0.1,b0,0.980000,3.975714
0.3,b1,1.000000,3.225488
0.5,b2,1.000000,3.084223
0.7,b3,1.000000,3.047315
0.9,b4,1.000000,3.020884
