budget,label,stability,performance_mae
0.1,b0,1.000000,12.794557
0.3,b1,1.000000,11.886415
0.5,b2,1.000000,11.533629
0.7,b3,1.000000,11.393000
0.9,b4,1.000000,11.407705
