budget,label,stability,performance_mae
0.1,b0,0.970000,4.503815
0.3,b1,1.000000,2.794758
0.5,b2,1.000000,2.599796
0.7,b3,1.000000,2.525042
0.9,b4,1.000000,2.480635
