budget,label,stability,performance_mae
0.1,b0,0.040000,57.022558
0.3,b1,0.710000,17.651538
0.5,b2,0.920000,9.062317
0.7,b3,0.940000,6.008678
0.9,b4,0.980000,3.999877
