budget,label,stability,performance_mae
0.1,b0,0.570000,14.808702
0.3,b1,0.730000,11.588175
0.5,b2,0.860000,10.504722
0.7,b3,0.960000,9.832144
0.9,b4,0.990000,9.418309
