budget,label,stability,performance_mae
0.1,b0,0.710000,22.121697
0.3,b1,0.970000,16.845020
0.5,b2,0.990000,15.407473
0.7,b3,0.990000,14.980671
0.9,b4,0.960000,14.417506
