budget,label,stability,performance_mae
0.1,b0,0.930000,37.942977
0.3,b1,1.000000,18.613163
0.5,b2,1.000000,13.881195
0.7,b3,1.000000,12.463816
0.9,b4,1.000000,11.490383
