budget,label,stability,performance_mae
0.1,b0,0.000000,104.004792
0.3,b1,0.000000,78.255908
0.5,b2,0.050505,41.986368
0.7,b3,0.565657,27.252698
0.9,b4,0.797980,21.781472
