budget,label,stability,performance_mae
0.1,b0,0.000000,112.962413
0.3,b1,0.000000,76.588850
0.5,b2,0.000000,54.105528
0.7,b3,0.000000,29.996059
0.9,b4,0.808081,21.765528
