budget,label,stability,performance_mae
0.1,b0,0.000000,98.805631
0.3,b1,0.040404,80.494330
0.5,b2,0.010101,60.760857
0.7,b3,0.616162,30.909504
0.9,b4,0.858586,17.867375
