budget,label,stability,performance_mae
0.1,b0,0.070000,33.639088
0.3,b1,0.810000,13.142868
0.5,b2,0.950000,8.329493
0.7,b3,0.990000,7.192333
0.9,b4,1.000000,6.457954
