budget,label,stability,performance_mae
0.1,b0,0.120000,45.534832
0.3,b1,0.890000,28.229280
0.5,b2,0.910000,26.739368
0.7,b3,0.890000,25.883310
0.9,b4,0.860000,25.162481
