budget,label,stability,performance_mae
0.1,b0,0.960000,15.663243
0.3,b1,0.990000,10.056102
0.5,b2,0.980000,8.973497
0.7,b3,0.990000,8.597593
0.9,b4,0.990000,8.480900
