budget,label,stability,performance_mae
0.1,b0,0.680000,17.616720
0.3,b1,0.960000,5.443450
0.5,b2,0.970000,2.538567
0.7,b3,1.000000,1.244233
0.9,b4,1.000000,0.554162
