budget,label,stability,performance_mae
0.1,b0,0.040000,37.599892
0.3,b1,0.370000,24.299797
0.5,b2,0.520000,21.211901
0.7,b3,0.550000,20.000844
0.9,b4,0.780000,19.038567
