budget,label,stability,performance_mae
0.1,b0,0.470000,26.876466
0.3,b1,0.620000,21.293740
0.5,b2,0.810000,19.381458
0.7,b3,0.820000,18.868427
0.9,b4,0.870000,18.293568
