budget,label,stability,performance_mae
0.1,b0,0.110000,50.998751
0.3,b1,0.290000,31.611430
0.5,b2,0.440000,26.489021
0.7,b3,0.570000,21.885748
0.9,b4,0.670000,18.968996
