budget,label,stability,performance_mae
0.1,b0,0.040000,37.527236
0.3,b1,0.450000,25.505543
0.5,b2,0.520000,22.999035
0.7,b3,0.660000,20.981393
0.9,b4,0.700000,19.487086
