label,budget,win_count,win_rate
b0,0.1,1640,0.047784
b1,0.3,3762,0.109612
b2,0.5,8738,0.254596
b3,0.7,11108,0.323650
b4,0.9,28390,0.827190
