label,budget,win_count,win_rate
b0,0.1,63,0.396226
b1,0.3,71,0.446541
b2,0.5,82,0.515723
b3,0.7,82,0.515723
b4,0.9,98,0.616352
