label,budget,win_count,win_rate
b0,0.1,36,0.321429
b1,0.3,39,0.348214
b2,0.5,49,0.437500
b3,0.7,54,0.482143
b4,0.9,79,0.705357
