label,budget,win_count,win_rate
b0,0.1,7,0.012478
b1,0.3,6,0.010695
b2,0.5,134,0.238859
b3,0.7,298,0.531194
b4,0.9,547,0.975045
