label,budget,win_count,win_rate
b0,0.1,3695,0.416620
b1,0.3,5064,0.570978
b2,0.5,5547,0.625437
b3,0.7,5906,0.665915
b4,0.9,6332,0.713947
