label,budget,win_count,win_rate
b0,0.1,3,0.030928
b1,0.3,28,0.288660
b2,0.5,35,0.360825
b3,0.7,35,0.360825
b4,0.9,67,0.690722
