label,budget,win_count,win_rate
b0,0.1,27,0.135000
b1,0.3,37,0.185000
b2,0.5,61,0.305000
b3,0.7,75,0.375000
b4,0.9,95,0.475000
