label,budget,win_count,win_rate
b0,0.1,1432,0.282780
b1,0.3,1775,0.350513
b2,0.5,2513,0.496248
b3,0.7,2760,0.545024
b4,0.9,3208,0.633491
