label,budget,win_count,win_rate
b0,0.1,20,0.015613
b1,0.3,321,0.250585
b2,0.5,685,0.534738
b3,0.7,795,0.620609
b4,0.9,1014,0.791569
