label,budget,win_count,win_rate
b0,0.1,513,0.102579
b1,0.3,1884,0.376725
b2,0.5,2419,0.483703
b3,0.7,2812,0.562288
b4,0.9,3684,0.736653
