label,budget,win_count,win_rate
b0,0.1,16,0.155340
b1,0.3,22,0.213592
b2,0.5,36,0.349515
b3,0.7,51,0.495146
b4,0.9,79,0.766990
