label,budget,win_count,win_rate
b0,0.1,274,0.546906
b1,0.3,301,0.600798
b2,0.5,289,0.576846
b3,0.7,290,0.578842
b4,0.9,304,0.606786
