label,budget,win_count,win_rate
b0,0.1,1655,0.641224
b1,0.3,1597,0.618752
b2,0.5,1670,0.647036
b3,0.7,1667,0.645874
b4,0.9,1585,0.614103
