label,budget,win_count,win_rate
b0,0.1,1764,0.683456
b1,0.3,1563,0.605579
b2,0.5,1564,0.605967
b3,0.7,1543,0.597830
b4,0.9,1534,0.594343
