label,budget,win_count,win_rate
b0,0.1,888,0.081618
b1,0.3,3353,0.308180
b2,0.5,5442,0.500184
b3,0.7,7166,0.658640
b4,0.9,9313,0.855974
