label,budget,win_count,win_rate
b0,0.1,750,0.221697
b1,0.3,1061,0.313627
b2,0.5,1373,0.405853
b3,0.7,1828,0.540349
b4,0.9,2267,0.670115
