label,budget,win_count,win_rate
b0,0.1,676,0.329917
b1,0.3,1055,0.514885
b2,0.5,1108,0.540752
b3,0.7,1244,0.607125
b4,0.9,1515,0.739385
