label,budget,win_count,win_rate
b0,0.1,43,0.094092
b1,0.3,35,0.076586
b2,0.5,43,0.094092
b3,0.7,355,0.776805
b4,0.9,330,0.722101
