label,budget,win_count,win_rate
b0,0.1,2375,0.055194
b1,0.3,8127,0.188868
b2,0.5,13026,0.302719
b3,0.7,18196,0.422868
b4,0.9,31316,0.727771
