label,budget,win_count,win_rate
b0,0.1,500,0.099980
b1,0.3,1002,0.200360
b2,0.5,1494,0.298740
b3,0.7,2626,0.525095
b4,0.9,3853,0.770446
