label,budget,win_count,win_rate
b0,0.1,819,0.163767
b1,0.3,1796,0.359128
b2,0.5,2233,0.446511
b3,0.7,2759,0.551690
b4,0.9,3735,0.746851
