label,budget,win_count,win_rate
b0,0.1,609,0.121776
b1,0.3,1357,0.271346
b2,0.5,2052,0.410318
b3,0.7,2746,0.549090
b4,0.9,3811,0.762048
