label,budget,win_count,win_rate
b0,0.1,373,0.074585
b1,0.3,860,0.171966
b2,0.5,1647,0.329334
b3,0.7,2345,0.468906
b4,0.9,3843,0.768446
