label,budget,win_count,win_rate
b0,0.1,739,0.147770
b1,0.3,1637,0.327335
b2,0.5,2074,0.414717
b3,0.7,2380,0.475905
b4,0.9,3451,0.690062
