label,budget,win_count,win_rate
b0,0.1,690,0.137972
b1,0.3,1693,0.338532
b2,0.5,2306,0.461108
b3,0.7,2877,0.575285
b4,0.9,3838,0.767447
