label,budget,win_count,win_rate
b0,0.1,51,0.010198
b1,0.3,1285,0.256949
b2,0.5,2044,0.408718
b3,0.7,3465,0.692861
b4,0.9,4458,0.891422
