label,budget,win_count,win_rate
b0,0.1,548,0.109578
b1,0.3,1350,0.269946
b2,0.5,1604,0.320736
b3,0.7,3308,0.661468
b4,0.9,4758,0.951410
