label,budget,win_count,win_rate
b0,0.1,510,0.101980
b1,0.3,2512,0.502300
b2,0.5,2707,0.541292
b3,0.7,2694,0.538692
b4,0.9,3073,0.614477
