label,budget,win_count,win_rate
b0,0.1,870,0.173965
b1,0.3,977,0.195361
b2,0.5,1019,0.203759
b3,0.7,3159,0.631674
b4,0.9,4509,0.901620
