label,budget,win_count,win_rate
b0,0.1,111,0.022196
b1,0.3,2790,0.557888
b2,0.5,3025,0.604879
b3,0.7,3000,0.599880
b4,0.9,3335,0.666867
