label,budget,win_count,win_rate
b0,0.1,330,0.065987
b1,0.3,1787,0.357329
b2,0.5,2803,0.560488
b3,0.7,2868,0.573485
b4,0.9,3029,0.605679
