label,budget,win_count,win_rate
b0,0.1,1240,0.247950
b1,0.3,3105,0.620876
b2,0.5,2974,0.594681
b3,0.7,2964,0.592681
b4,0.9,3158,0.631474
