label,budget,win_count,win_rate
b0,0.1,685,0.136973
b1,0.3,2518,0.503499
b2,0.5,2698,0.539492
b3,0.7,2942,0.588282
b4,0.9,3261,0.652070
