label,budget,win_count,win_rate
b0,0.1,369,0.073785
b1,0.3,364,0.072785
b2,0.5,384,0.076785
b3,0.7,2181,0.436113
b4,0.9,4584,0.916617
