label,budget,win_count,win_rate
b0,0.1,1191,0.238152
b1,0.3,2597,0.519296
b2,0.5,3164,0.632673
b3,0.7,3214,0.642671
b4,0.9,3423,0.684463
