label,budget,win_count,win_rate
b0,0.1,430,0.085983
b1,0.3,464,0.092781
b2,0.5,401,0.080184
b3,0.7,892,0.178364
b4,0.9,4637,0.927215
