label,budget,win_count,win_rate
b0,0.1,1660,0.331934
b1,0.3,1877,0.375325
b2,0.5,3738,0.747451
b3,0.7,4725,0.944811
b4,0.9,4759,0.951610
