label,budget,win_count,win_rate
b0,0.1,1413,0.282543
b1,0.3,1457,0.291342
b2,0.5,1541,0.308138
b3,0.7,1635,0.326935
b4,0.9,4785,0.956809
