label,budget,win_count,win_rate
b0,0.1,389,0.077784
b1,0.3,1178,0.235553
b2,0.5,3199,0.639672
b3,0.7,4094,0.818636
b4,0.9,4347,0.869226
