label,budget,win_count,win_rate
b0,0.1,8,0.001600
b1,0.3,4,0.000800
b2,0.5,343,0.068586
b3,0.7,3463,0.692462
b4,0.9,4992,0.998200
