label,budget,win_count,win_rate
b0,0.1,1642,0.328334
b1,0.3,2269,0.453709
b2,0.5,2488,0.497500
b3,0.7,2679,0.535693
b4,0.9,2917,0.583283
