label,budget,win_count,win_rate
b0,0.1,422,0.084383
b1,0.3,2301,0.460108
b2,0.5,2757,0.551290
b3,0.7,2776,0.555089
b4,0.9,3171,0.634073
