label,budget,win_count,win_rate
b0,0.1,1290,0.257948
b1,0.3,2318,0.463507
b2,0.5,2760,0.551890
b3,0.7,2958,0.591482
b4,0.9,3403,0.680464
