label,budget,win_count,win_rate
b0,0.1,2862,0.572286
b1,0.3,1048,0.209558
b2,0.5,2295,0.458908
b3,0.7,2368,0.473505
b4,0.9,2651,0.530094
