label,budget,win_count,win_rate
b0,0.1,236,0.047191
b1,0.3,1693,0.338532
b2,0.5,3063,0.612478
b3,0.7,3333,0.666467
b4,0.9,3727,0.745251
