label,budget,win_count,win_rate
b0,0.1,1855,0.370926
b1,0.3,2465,0.492901
b2,0.5,2803,0.560488
b3,0.7,2978,0.595481
b4,0.9,3381,0.676065
