label,budget,win_count,win_rate
b0,0.1,869,0.173765
b1,0.3,3252,0.650270
b2,0.5,2250,0.449910
b3,0.7,2312,0.462308
b4,0.9,2484,0.496701
