label,budget,win_count,win_rate
b0,0.1,1813,0.362527
b1,0.3,545,0.108978
b2,0.5,644,0.128774
b3,0.7,1798,0.359528
b4,0.9,3207,0.641272
