label,budget,win_count,win_rate
b0,0.1,599,0.119776
b1,0.3,693,0.138572
b2,0.5,2032,0.406319
b3,0.7,3492,0.698260
b4,0.9,4120,0.823835
