label,budget,win_count,win_rate
b0,0.1,1170,0.233953
b1,0.3,1654,0.330734
b2,0.5,1979,0.395721
b3,0.7,3299,0.659668
b4,0.9,3757,0.751250
