label,budget,win_count,win_rate
b0,0.1,1470,0.293941
b1,0.3,2981,0.596081
b2,0.5,2908,0.581484
b3,0.7,2947,0.589282
b4,0.9,3154,0.630674
