label,budget,win_count,win_rate
b0,0.1,2315,0.462907
b1,0.3,2954,0.590682
b2,0.5,3072,0.614277
b3,0.7,3136,0.627075
b4,0.9,3374,0.674665
