label,budget,win_count,win_rate
b0,0.1,451,0.090182
b1,0.3,995,0.198960
b2,0.5,1195,0.238952
b3,0.7,2108,0.421516
b4,0.9,3676,0.735053
