label,budget,win_count,win_rate
b0,0.1,273,0.054589
b1,0.3,567,0.113377
b2,0.5,720,0.143971
b3,0.7,2932,0.586283
b4,0.9,4273,0.854429
