label,budget,win_count,win_rate
b0,0.1,224,0.044791
b1,0.3,4785,0.956809
b2,0.5,3409,0.681664
b3,0.7,2920,0.583883
b4,0.9,2913,0.582484
