label,budget,win_count,win_rate
b0,0.1,5001,1.000000
b1,0.3,5001,1.000000
b2,0.5,5001,1.000000
b3,0.7,5001,1.000000
b4,0.9,5001,1.000000
