label,budget,win_count,win_rate
b0,0.1,2053,0.410518
b1,0.3,2559,0.511698
b2,0.5,2407,0.481304
b3,0.7,3107,0.621276
b4,0.9,3444,0.688662
