label,budget,win_count,win_rate
b0,0.1,807,0.161368
b1,0.3,2219,0.443711
b2,0.5,2867,0.573285
b3,0.7,2890,0.577884
b4,0.9,3255,0.650870
