label,budget,win_count,win_rate
b0,0.1,673,0.134573
b1,0.3,1297,0.259348
b2,0.5,1859,0.371726
b3,0.7,2771,0.554089
b4,0.9,3861,0.772046
