label,budget,win_count,win_rate
b0,0.1,29,0.005799
b1,0.3,174,0.034793
b2,0.5,466,0.093181
b3,0.7,2835,0.566887
b4,0.9,4947,0.989202
