label,budget,win_count,win_rate
b0,0.1,91,0.124487
b1,0.3,353,0.482900
b2,0.5,447,0.611491
b3,0.7,473,0.647059
b4,0.9,525,0.718194
