label,budget,win_count,win_rate
b0,0.1,61,0.035281
b1,0.3,358,0.207056
b2,0.5,571,0.330249
b3,0.7,880,0.508965
b4,0.9,1322,0.764604
