label,budget,win_count,win_rate
b0,0.1,71,0.163972
b1,0.3,129,0.297921
b2,0.5,174,0.401848
b3,0.7,205,0.473441
b4,0.9,275,0.635104
