label,budget,win_count,win_rate
b0,0.1,171,0.002048
b1,0.3,1803,0.021596
b2,0.5,3251,0.038940
b3,0.7,5936,0.071100
b4,0.9,80041,0.958713
