label,budget,win_count,win_rate
b0,0.1,156,0.106122
b1,0.3,480,0.326531
b2,0.5,683,0.464626
b3,0.7,901,0.612925
b4,0.9,1193,0.811565
