label,budget,win_count,win_rate
b0,0.1,57,0.111111
b1,0.3,193,0.376218
b2,0.5,246,0.479532
b3,0.7,246,0.479532
b4,0.9,356,0.693957
