label,budget,win_count,win_rate
b0,0.1,1880,0.187981
b1,0.3,4048,0.404760
b2,0.5,5725,0.572443
b3,0.7,6712,0.671133
b4,0.9,7946,0.794521
