label,budget,win_count,win_rate
b0,0.1,284,0.257480
b1,0.3,414,0.375340
b2,0.5,562,0.509519
b3,0.7,650,0.589302
b4,0.9,806,0.730734
