label,budget,win_count,win_rate
b0,0.1,8544,0.683465
b1,0.3,8516,0.681226
b2,0.5,8655,0.692345
b3,0.7,8660,0.692745
b4,0.9,8884,0.710663
