label,budget,win_count,win_rate
b0,0.1,23,0.489362
b1,0.3,7,0.148936
b2,0.5,15,0.319149
b3,0.7,20,0.425532
b4,0.9,30,0.638298
