label,budget,win_count,win_rate
b0,0.1,18,0.439024
b1,0.3,8,0.195122
b2,0.5,12,0.292683
b3,0.7,19,0.463415
b4,0.9,23,0.560976
