label,budget,win_count,win_rate
b0,0.1,4088,0.408759
b1,0.3,5789,0.578842
b2,0.5,6121,0.612039
b3,0.7,6417,0.641636
b4,0.9,6710,0.670933
