label,budget,win_count,win_rate
b0,0.1,4750,0.474953
b1,0.3,5777,0.577642
b2,0.5,5902,0.590141
b3,0.7,6232,0.623138
b4,0.9,6548,0.654735
