label,budget,win_count,win_rate
b0,0.1,3672,0.367163
b1,0.3,5658,0.565743
b2,0.5,6439,0.643836
b3,0.7,6876,0.687531
b4,0.9,7161,0.716028
