label,budget,win_count,win_rate
b0,0.1,81,0.322709
b1,0.3,114,0.454183
b2,0.5,147,0.585657
b3,0.7,149,0.593625
b4,0.9,175,0.697211
