label,budget,win_count,win_rate
b0,0.1,5619,0.591163
b1,0.3,5225,0.549711
b2,0.5,4834,0.508574
b3,0.7,4873,0.512678
b4,0.9,5214,0.548553
