label,budget,win_count,win_rate
b0,0.1,496,0.225352
b1,0.3,638,0.289868
b2,0.5,1001,0.454793
b3,0.7,1444,0.656065
b4,0.9,1756,0.797819
