label,budget,win_count,win_rate
b0,0.1,141,0.073399
b1,0.3,563,0.293077
b2,0.5,954,0.496616
b3,0.7,1184,0.616346
b4,0.9,1587,0.826132
