label,budget,win_count,win_rate
b0,0.1,72,0.037480
b1,0.3,377,0.196252
b2,0.5,801,0.416970
b3,0.7,1213,0.631442
b4,0.9,1503,0.782405
