label,budget,win_count,win_rate
b0,0.1,580,0.115977
b1,0.3,1207,0.241352
b2,0.5,1785,0.356929
b3,0.7,2373,0.474505
b4,0.9,3773,0.754449
