label,budget,win_count,win_rate
b0,0.1,69,0.137725
b1,0.3,124,0.247505
b2,0.5,180,0.359281
b3,0.7,219,0.437126
b4,0.9,368,0.734531
