label,budget,win_count,win_rate
b0,0.1,4621,0.092418
b1,0.3,10697,0.213936
b2,0.5,16007,0.320134
b3,0.7,23677,0.473531
b4,0.9,36692,0.733825
