label,budget,win_count,win_rate
b0,0.1,1,0.005682
b1,0.3,1,0.005682
b2,0.5,8,0.045455
b3,0.7,123,0.698864
b4,0.9,174,0.988636
