label,budget,win_count,win_rate
b0,0.1,216,0.150628
b1,0.3,346,0.241283
b2,0.5,377,0.262901
b3,0.7,539,0.375872
b4,0.9,885,0.617155
