label,budget,win_count,win_rate
b0,0.1,624,0.268156
b1,0.3,955,0.410400
b2,0.5,1012,0.434895
b3,0.7,1225,0.526429
b4,0.9,1517,0.651912
