label,budget,win_count,win_rate
b0,0.1,43,0.063988
b1,0.3,192,0.285714
b2,0.5,267,0.397321
b3,0.7,331,0.492560
b4,0.9,452,0.672619
