label,budget,win_count,win_rate
b0,0.1,6,0.057692
b1,0.3,14,0.134615
b2,0.5,32,0.307692
b3,0.7,48,0.461538
b4,0.9,89,0.855769
