label,budget,win_count,win_rate
b0,0.1,132,0.174373
b1,0.3,231,0.305152
b2,0.5,352,0.464993
b3,0.7,401,0.529723
b4,0.9,485,0.640687
