label,budget,win_count,win_rate
b0,0.1,4,0.040404
b1,0.3,14,0.141414
b2,0.5,26,0.262626
b3,0.7,39,0.393939
b4,0.9,83,0.838384
