label,budget,win_count,win_rate
b0,0.1,3,0.007916
b1,0.3,66,0.174142
b2,0.5,161,0.424802
b3,0.7,208,0.548813
b4,0.9,275,0.725594
