label,budget,win_count,win_rate
b0,0.1,2,0.020202
b1,0.3,3,0.030303
b2,0.5,8,0.080808
b3,0.7,40,0.404040
b4,0.9,90,0.909091
