label,budget,win_count,win_rate
b0,0.1,2,0.020202
b1,0.3,1,0.010101
b2,0.5,9,0.090909
b3,0.7,22,0.222222
b4,0.9,94,0.949495
