label,budget,win_count,win_rate
b0,0.1,0,0.000000
b1,0.3,12,0.092308
b2,0.5,15,0.115385
b3,0.7,34,0.261538
b4,0.9,115,0.884615
