label,budget,win_count,win_rate
b0,0.1,63,0.116451
b1,0.3,185,0.341959
b2,0.5,153,0.282810
b3,0.7,204,0.377079
b4,0.9,319,0.589649
