label,budget,win_count,win_rate
b0,0.1,278,0.144716
b1,0.3,730,0.380010
b2,0.5,757,0.394066
b3,0.7,943,0.490890
b4,0.9,1187,0.617907
