label,budget,win_count,win_rate
b0,0.1,22,0.015267
b1,0.3,176,0.122137
b2,0.5,580,0.402498
b3,0.7,716,0.496877
b4,0.9,1046,0.725885
