label,budget,win_count,win_rate
b0,0.1,14,0.027344
b1,0.3,103,0.201172
b2,0.5,163,0.318359
b3,0.7,227,0.443359
b4,0.9,355,0.693359
