label,budget,win_count,win_rate
b0,0.1,63,0.145497
b1,0.3,108,0.249423
b2,0.5,128,0.295612
b3,0.7,208,0.480370
b4,0.9,295,0.681293
