label,budget,win_count,win_rate
b0,0.1,1540,0.057394
b1,0.3,11733,0.437276
b2,0.5,20644,0.769380
b3,0.7,18046,0.672555
b4,0.9,17835,0.664691
