label,budget,win_count,win_rate
b0,0.1,60,0.123203
b1,0.3,112,0.229979
b2,0.5,117,0.240246
b3,0.7,198,0.406571
b4,0.9,401,0.823409
