label,budget,win_count,win_rate
b0,0.1,54,0.105469
b1,0.3,215,0.419922
b2,0.5,276,0.539062
b3,0.7,293,0.572266
b4,0.9,350,0.683594
