label,budget,win_count,win_rate
b0,0.1,145,0.105917
b1,0.3,362,0.264427
b2,0.5,388,0.283419
b3,0.7,562,0.410519
b4,0.9,833,0.608473
