label,budget,win_count,win_rate
b0,0.1,93,0.061794
b1,0.3,320,0.212625
b2,0.5,550,0.365449
b3,0.7,730,0.485050
b4,0.9,1208,0.802658
