label,budget,win_count,win_rate
b0,0.1,20,0.010411
b1,0.3,177,0.092140
b2,0.5,496,0.258199
b3,0.7,839,0.436752
b4,0.9,1544,0.803748
