label,budget,win_count,win_rate
b0,0.1,196,0.075588
b1,0.3,359,0.138450
b2,0.5,720,0.277671
b3,0.7,1251,0.482453
b4,0.9,1996,0.769765
