label,budget,win_count,win_rate
b0,0.1,934,0.273020
b1,0.3,1483,0.433499
b2,0.5,1463,0.427653
b3,0.7,1451,0.424145
b4,0.9,1982,0.579363
