label,budget,win_count,win_rate
b0,0.1,14338,0.437548
b1,0.3,16979,0.518142
b2,0.5,18441,0.562757
b3,0.7,19153,0.584485
b4,0.9,20992,0.640605
