label,budget,win_count,win_rate
b0,0.1,7971,0.185243
b1,0.3,17398,0.404323
b2,0.5,20245,0.470486
b3,0.7,20578,0.478224
b4,0.9,23504,0.546224
