label,budget,win_count,win_rate
b0,0.1,10,0.012837
b1,0.3,60,0.077022
b2,0.5,224,0.287548
b3,0.7,340,0.436457
b4,0.9,677,0.869063
