label,budget,win_count,win_rate
b0,0.1,297,0.913846
b1,0.3,325,1.000000
b2,0.5,325,1.000000
b3,0.7,325,1.000000
b4,0.9,325,1.000000
