label,budget,win_count,win_rate
b0,0.1,214,0.290761
b1,0.3,352,0.478261
b2,0.5,437,0.593750
b3,0.7,489,0.664402
b4,0.9,569,0.773098
