label,budget,win_count,win_rate
b0,0.1,766,0.217490
b1,0.3,1222,0.346962
b2,0.5,1552,0.440659
b3,0.7,1980,0.562181
b4,0.9,2456,0.697331
