label,budget,win_count,win_rate
b0,0.1,3,0.024194
b1,0.3,29,0.233871
b2,0.5,65,0.524194
b3,0.7,69,0.556452
b4,0.9,99,0.798387
