label,budget,win_count,win_rate
b0,0.1,3,0.030303
b1,0.3,7,0.070707
b2,0.5,20,0.202020
b3,0.7,46,0.464646
b4,0.9,92,0.929293
