label,budget,win_count,win_rate
b0,0.1,4,0.040404
b1,0.3,5,0.050505
b2,0.5,9,0.090909
b3,0.7,31,0.313131
b4,0.9,87,0.878788
