label,budget,win_count,win_rate
b0,0.1,1,0.010101
b1,0.3,5,0.050505
b2,0.5,6,0.060606
b3,0.7,23,0.232323
b4,0.9,86,0.868687
