label,budget,win_count,win_rate
b0,0.1,19,0.013185
b1,0.3,316,0.219292
b2,0.5,586,0.406662
b3,0.7,713,0.494795
b4,0.9,1058,0.734212
