label,budget,win_count,win_rate
b0,0.1,102,0.127500
b1,0.3,428,0.535000
b2,0.5,461,0.576250
b3,0.7,516,0.645000
b4,0.9,583,0.728750
