label,budget,win_count,win_rate
b0,0.1,276,0.010286
b1,0.3,5059,0.188544
b2,0.5,11455,0.426916
b3,0.7,18200,0.678295
b4,0.9,25796,0.961389
