label,budget,win_count,win_rate
b0,0.1,0,0.000000
b1,0.3,2,0.003466
b2,0.5,38,0.065858
b3,0.7,178,0.308492
b4,0.9,508,0.880416
