label,budget,win_count,win_rate
b0,0.1,1627,0.325335
b1,0.3,2739,0.547690
b2,0.5,3359,0.671666
b3,0.7,3587,0.717257
b4,0.9,3891,0.778044
