label,budget,win_count,win_rate
b0,0.1,895,0.178964
b1,0.3,2266,0.453109
b2,0.5,2950,0.589882
b3,0.7,3287,0.657269
b4,0.9,3841,0.768046
