label,budget,win_count,win_rate
b0,0.1,360,0.071986
b1,0.3,1331,0.266147
b2,0.5,1927,0.385323
b3,0.7,3124,0.624675
b4,0.9,4342,0.868226
