label,budget,win_count,win_rate
b0,0.1,867,0.173365
b1,0.3,2154,0.430714
b2,0.5,2691,0.538092
b3,0.7,3228,0.645471
b4,0.9,3984,0.796641
