budget,label,stability,performance_mae
10,b0,0.000000,160.910023
20,b1,0.000000,113.569409
50,b2,0.000000,88.087364
100,b3,0.000000,63.635213
200,b4,0.270000,45.057759
