budget,label,stability,performance_mae
10,b0,0.170000,45.560389
20,b1,0.230000,44.132710
50,b2,0.790000,35.340162
100,b3,0.940000,33.980068
200,b4,0.970000,34.606589
