budget,label,stability,performance_mae
10,b0,0.320000,18.805139
20,b1,0.620000,16.610035
50,b2,0.620000,17.955806
100,b3,0.750000,18.116385
200,b4,0.990000,20.046054
