budget,label,stability,performance_mae
10,b0,1.000000,11.835947
20,b1,1.000000,13.607205
50,b2,1.000000,12.139827
100,b3,1.000000,10.118773
200,b4,1.000000,9.763215
