budget,label,stability,performance_mae
10,b0,0.140000,34.363647
20,b1,0.170000,32.455977
50,b2,0.300000,28.401322
100,b3,0.340000,24.357214
200,b4,0.650000,19.260027
