budget,label,stability,performance_mae
10,b0,0.000000,62.374813
20,b1,0.051546,39.492082
50,b2,0.443299,20.261559
100,b3,1.000000,15.871659
200,b4,1.000000,15.871659
