budget,label,stability,performance_mae
10,b0,0.390000,38.764351
20,b1,0.490000,32.918465
50,b2,0.900000,29.882808
100,b3,0.990000,19.199016
200,b4,0.990000,14.542794
