budget,label,stability,performance_mae
10,b0,0.660000,29.325825
20,b1,0.610000,26.253993
50,b2,0.740000,21.849401
100,b3,0.860000,17.017783
200,b4,0.960000,15.162715
