budget,label,stability,performance_mae
10,b0,0.000000,101.107546
20,b1,0.000000,76.414109
50,b2,0.000000,29.570950
100,b3,0.360000,12.248263
200,b4,0.840000,0.787781
