budget,label,stability,performance_mae
10,b0,0.800000,65.946650
20,b1,0.990000,50.167680
50,b2,1.000000,32.959214
100,b3,1.000000,26.825013
200,b4,1.000000,19.970451
