budget,label,stability,performance_mae
10,b0,0.590000,24.545704
20,b1,0.730000,22.074697
50,b2,1.000000,13.445170
100,b3,1.000000,10.560660
200,b4,1.000000,10.560660
