budget,label,stability,performance_mae
10,b0,0.780000,43.377560
20,b1,0.910000,39.966001
50,b2,0.810000,37.642316
100,b3,0.770000,36.576523
200,b4,0.630000,35.489829
