budget,label,stability,performance_mae
10,b0,0.380000,27.760937
20,b1,0.990000,13.654238
50,b2,0.980000,7.301195
100,b3,0.980000,5.179786
200,b4,1.000000,3.743055
