budget,label,stability,performance_mae
10,b0,0.180000,39.084222
20,b1,0.030000,39.611697
50,b2,0.240000,36.658661
100,b3,0.160000,37.317913
200,b4,0.110000,37.354988
