budget,label,stability,performance_mae
10,b0,0.000000,38.671512
20,b1,0.340000,33.273924
50,b2,0.230000,33.245798
100,b3,0.150000,33.498423
200,b4,0.340000,31.782765
