budget,label,stability,performance_mae
10,b0,0.000000,103.197015
20,b1,0.000000,70.501465
50,b2,0.050000,50.232639
100,b3,0.420000,30.331656
200,b4,0.640000,20.287155
