budget,label,stability,performance_mae
10,b0,0.010000,65.847096
20,b1,0.050000,49.750336
50,b2,0.080000,33.323697
100,b3,0.450000,18.911718
200,b4,0.960000,6.837156
