budget,label,stability,performance_mae
10,b0,1.000000,13.699143
20,b1,1.000000,16.479500
50,b2,1.000000,18.754228
100,b3,0.980000,16.931353
200,b4,0.990000,8.345151
