budget,label,stability,performance_mae
10,b0,0.000000,122.143657
20,b1,0.000000,101.835562
50,b2,0.000000,71.463447
100,b3,0.010000,56.273478
200,b4,0.130000,42.228183
