budget,label,stability,performance_mae
10,b0,0.660000,47.408355
20,b1,0.700000,37.190303
50,b2,0.930000,31.632904
100,b3,1.000000,25.193883
200,b4,1.000000,20.953684
