budget,label,stability,performance_mae
10,b0,0.220000,52.018257
20,b1,0.710000,43.570111
50,b2,0.940000,32.327305
100,b3,1.000000,26.960027
200,b4,1.000000,22.877774
