budget,label,stability,performance_mae
10,b0,1.000000,72.474538
20,b1,1.000000,54.744965
50,b2,1.000000,38.607684
100,b3,1.000000,30.844473
200,b4,1.000000,24.836055
