budget,label,stability,performance_mae
10,b0,1.000000,60.409459
20,b1,0.990000,48.028090
50,b2,1.000000,34.040823
100,b3,1.000000,29.279328
200,b4,1.000000,25.489182
