budget,label,stability,performance_mae
10,b0,0.380000,44.431784
20,b1,0.780000,33.987120
50,b2,0.960000,27.482289
100,b3,0.980000,22.349705
200,b4,1.000000,18.463023
