budget,label,stability,performance_mae
10,b0,0.530000,49.997380
20,b1,0.720000,40.975555
50,b2,0.960000,29.463432
100,b3,1.000000,24.621386
200,b4,1.000000,19.219960
