budget,label,stability,performance_mae
10,b0,0.580000,18.476290
20,b1,0.730000,17.706494
50,b2,0.880000,13.218238
100,b3,0.950000,11.077924
200,b4,1.000000,7.368543
