budget,label,stability,performance_mae
10,b0,0.480000,34.936446
20,b1,1.000000,28.684255
50,b2,0.890000,21.470930
100,b3,0.570000,18.572978
200,b4,0.570000,14.288483
