budget,label,stability,performance_mae
10,b0,1.000000,23.168690
20,b1,1.000000,20.470545
50,b2,1.000000,15.569282
100,b3,1.000000,10.955740
200,b4,1.000000,10.360911
