budget,label,stability,performance_mae
10,b0,0.270000,56.946580
20,b1,0.590000,56.884449
50,b2,0.740000,50.805264
100,b3,0.770000,38.938579
200,b4,0.740000,29.262307
