budget,label,stability,performance_mae
10,b0,0.190000,101.073946
20,b1,0.300000,79.388041
50,b2,0.410000,62.231471
100,b3,0.440000,54.886995
200,b4,0.840000,46.499349
