budget,label,stability,performance_mae
10,b0,0.710000,19.081436
20,b1,0.750000,18.348966
50,b2,0.860000,16.709628
100,b3,0.880000,16.306238
200,b4,0.900000,16.059786
