budget,label,stability,performance_mae
10,b0,0.030000,50.893613
20,b1,0.370000,28.448583
50,b2,0.390000,27.437882
100,b3,0.370000,25.014634
200,b4,0.450000,21.732086
