budget,label,stability,performance_mae
10,b0,0.550000,36.374675
20,b1,0.670000,30.423294
50,b2,0.670000,32.869152
100,b3,0.670000,37.230481
200,b4,0.670000,41.103446
