budget,label,stability,performance_mae
10,b0,1.000000,30.879295
20,b1,0.880000,28.289971
50,b2,0.730000,23.893523
100,b3,0.700000,22.386440
200,b4,0.660000,19.719448
