budget,label,stability,performance_mae
10,b0,0.620000,35.748627
20,b1,0.480000,30.764559
50,b2,0.470000,23.279214
100,b3,0.530000,20.521403
200,b4,0.620000,17.536059
