budget,label,stability,performance_mae
10,b0,0.110000,45.004999
20,b1,0.710000,35.729470
50,b2,0.710000,37.274158
100,b3,0.710000,36.484276
200,b4,0.710000,37.482790
