budget,label,stability,performance_mae
10,b0,0.370000,31.210317
20,b1,0.710000,27.374085
50,b2,0.740000,22.164977
100,b3,0.790000,18.222993
200,b4,0.920000,14.130870
