budget,label,stability,performance_mae
10,b0,0.000000,76.405650
20,b1,0.020000,49.804870
50,b2,0.010000,46.223443
100,b3,0.030000,41.550455
200,b4,0.050000,42.047997
