budget,label,stability,performance_mae
10,b0,0.420000,22.892973
20,b1,0.270000,23.640180
50,b2,0.320000,18.288967
100,b3,0.900000,14.027251
200,b4,0.890000,9.666844
