budget,label,stability,performance_mae
10,b0,1.000000,21.128277
20,b1,1.000000,19.649005
50,b2,1.000000,16.374121
100,b3,1.000000,13.370426
200,b4,1.000000,10.052612
