budget,label,stability,performance_mae
10,b0,0.000000,150.478019
20,b1,0.010000,134.779317
50,b2,0.040000,99.447592
100,b3,0.310000,92.522725
200,b4,0.660000,76.957129
