budget,label,stability,performance_mae
10,b0,0.030000,58.782843
20,b1,0.230000,53.856275
50,b2,0.810000,49.160916
100,b3,0.830000,39.610947
200,b4,0.920000,32.691540
