budget,label,stability,performance_mae
10,b0,0.630000,15.727120
20,b1,0.630000,12.886909
50,b2,0.630000,9.226123
100,b3,0.750000,7.843358
200,b4,0.870000,6.067637
