budget,label,stability,performance_mae
10,b0,1.000000,34.861040
20,b1,0.750000,28.542427
50,b2,0.640000,20.634047
100,b3,0.630000,17.051710
200,b4,0.640000,13.649805
