budget,label,stability,performance_mae
10,b0,0.710000,12.551593
20,b1,1.000000,9.727172
50,b2,0.670000,8.979997
100,b3,0.970000,7.579403
200,b4,0.970000,7.002078
