budget,label,stability,performance_mae
10,b0,0.100000,63.483037
20,b1,0.230000,63.579672
50,b2,0.370000,46.729533
100,b3,0.780000,40.725888
200,b4,0.910000,35.022347
