budget,label,stability,performance_mae
10,b0,0.540000,30.033524
20,b1,0.680000,24.571483
50,b2,0.680000,20.893543
100,b3,0.680000,20.660946
200,b4,0.680000,18.349162
