budget,label,stability,performance_mae
10,b0,0.740000,51.985372
20,b1,0.740000,49.434119
50,b2,0.820000,41.899259
100,b3,0.830000,36.151309
200,b4,0.750000,32.283578
