budget,label,stability,performance_mae
10,b0,0.000000,67.349948
20,b1,0.630000,5.226841
50,b2,1.000000,0.000000
100,b3,1.000000,0.000000
200,b4,1.000000,0.000000
