budget,label,stability,performance_mae
10,b0,0.000000,51.356778
20,b1,0.240000,43.222980
50,b2,0.320000,37.537409
100,b3,0.320000,34.025713
200,b4,0.390000,30.583833
