budget,label,stability,performance_mae
10,b0,0.340000,36.065130
20,b1,1.000000,25.568576
50,b2,0.850000,24.838671
100,b3,0.920000,24.447427
200,b4,0.820000,22.136725
