budget,label,stability,performance_mae
10,b0,0.910000,27.479608
20,b1,0.940000,26.805506
50,b2,0.980000,22.537340
100,b3,0.990000,21.469880
200,b4,0.990000,20.153117
