budget,label,stability,performance_mae
10,b0,0.550000,34.692238
20,b1,0.570000,29.364532
50,b2,0.550000,23.845287
100,b3,0.560000,19.555814
200,b4,0.550000,17.929586
