budget,label,stability,performance_mae
10,b0,0.010000,97.482148
20,b1,0.060000,85.136591
50,b2,0.020000,76.703791
100,b3,0.080000,66.004197
200,b4,0.160000,53.766932
