budget,label,stability,performance_mae
10,b0,0.000000,95.136066
20,b1,0.000000,67.168382
50,b2,0.000000,33.733469
100,b3,0.440000,23.850554
200,b4,0.660000,18.140832
