budget,label,stability,performance_mae
10,b0,0.660000,33.203130
20,b1,0.740000,26.780025
50,b2,0.740000,24.193934
100,b3,0.740000,22.708812
200,b4,0.740000,19.409037
