budget,label,stability,performance_mae
10,b0,0.490000,56.793556
20,b1,0.700000,45.271857
50,b2,0.800000,23.449304
100,b3,0.830000,12.880387
200,b4,0.970000,9.500856
