budget,label,stability,performance_mae
10,b0,0.640000,22.674196
20,b1,0.820000,17.818160
50,b2,0.880000,16.163103
100,b3,0.890000,14.496953
200,b4,0.910000,12.538053
