budget,label,stability,performance_mae
10,b0,0.300000,61.611058
20,b1,0.650000,57.893842
50,b2,0.650000,54.871095
100,b3,0.650000,53.951821
200,b4,0.650000,48.484002
