budget,label,stability,performance_mae
10,b0,1.000000,83.395666
20,b1,1.000000,76.775656
50,b2,1.000000,68.507539
100,b3,0.980000,63.367882
200,b4,0.360000,54.567090
