budget,label,stability,performance_mae
10,b0,0.880000,26.381347
20,b1,0.820000,24.920166
50,b2,0.920000,18.744768
100,b3,0.990000,13.944630
200,b4,1.000000,11.288610
