budget,label,stability,performance_mae
10,b0,0.000000,199.227206
20,b1,0.000000,126.065010
50,b2,0.000000,49.959387
100,b3,0.000000,40.918927
200,b4,0.030000,35.050943
