budget,label,stability,performance_mae
10,b0,0.000000,80.146162
20,b1,0.000000,42.296636
50,b2,0.060000,15.804233
100,b3,0.860000,6.040018
200,b4,1.000000,3.535681
