budget,label,stability,performance_mae
10,b0,0.000000,1318.881104
20,b1,0.000000,1154.308308
50,b2,0.000000,931.805160
100,b3,0.000000,753.163440
200,b4,0.000000,564.455246
