budget,label,stability,performance_mae
10,b0,0.070000,61.039241
20,b1,0.110000,53.324599
50,b2,0.180000,45.682468
100,b3,0.000000,35.176678
200,b4,0.120000,30.586065
