budget,label,stability,performance_mae
10,b0,0.010000,43.800900
20,b1,0.030000,33.663669
50,b2,0.450000,18.118055
100,b3,0.790000,13.176646
200,b4,0.910000,11.075076
