budget,label,stability,performance_mae
10,b0,0.760000,49.059950
20,b1,0.920000,40.662771
50,b2,0.970000,34.992926
100,b3,1.000000,28.496124
200,b4,1.000000,23.954332
