budget,label,stability,performance_mae
10,b0,1.000000,39.198748
20,b1,1.000000,39.894911
50,b2,1.000000,31.369762
100,b3,1.000000,27.855261
200,b4,1.000000,26.086623
