budget,label,stability,performance_mae
10,b0,0.000000,105.077074
20,b1,0.000000,106.394571
50,b2,0.000000,104.153499
100,b3,0.000000,102.977578
200,b4,0.000000,102.072363
