budget,label,stability,performance_mae
10,b0,1.000000,43.266215
20,b1,1.000000,31.916706
50,b2,1.000000,37.820416
100,b3,1.000000,37.820416
200,b4,1.000000,37.820416
