budget,label,stability,performance_mae
10,b0,0.000000,69.527988
20,b1,0.024390,52.871575
50,b2,0.585366,35.267492
100,b3,0.585366,35.267492
200,b4,0.585366,35.267492
