budget,label,stability,performance_mae
10,b0,0.090000,72.870279
20,b1,0.230000,68.924191
50,b2,0.180000,58.737640
100,b3,0.180000,55.154787
200,b4,0.210000,50.923745
