budget,label,stability,performance_mae
10,b0,0.020000,78.238356
20,b1,0.080000,72.893198
50,b2,0.030000,65.906079
100,b3,0.010000,57.626719
200,b4,0.070000,51.229718
