budget,label,stability,performance_mae
10,b0,0.160000,77.459365
20,b1,0.150000,70.185568
50,b2,0.100000,57.692002
100,b3,0.130000,53.101372
200,b4,0.140000,48.740912
