budget,label,stability,performance_mae
10,b0,0.240000,43.526847
20,b1,0.490000,39.831884
50,b2,0.530000,34.135286
100,b3,0.620000,30.930070
200,b4,0.760000,29.201975
