budget,label,stability,performance_mae
10,b0,0.000000,194.205389
20,b1,0.000000,138.884057
50,b2,0.000000,112.284516
100,b3,0.000000,108.445949
200,b4,0.000000,105.497257
