budget,label,stability,performance_mae
10,b0,0.000000,37.562857
20,b1,0.000000,35.061604
50,b2,0.000000,34.737649
100,b3,0.000000,32.317633
200,b4,0.030000,30.266081
