budget,label,stability,performance_mae
10,b0,0.000000,84.677095
20,b1,0.000000,55.980852
50,b2,0.120000,33.454942
100,b3,0.240000,26.078654
200,b4,0.710000,16.179242
