budget,label,stability,performance_mae
10,b0,0.000000,307.880525
20,b1,0.000000,170.697243
50,b2,0.000000,125.234312
100,b3,0.000000,75.624584
200,b4,0.040000,57.399215
