budget,label,stability,performance_mae
10,b0,0.480000,49.506540
20,b1,0.900000,39.546896
50,b2,1.000000,29.548331
100,b3,0.980000,23.934746
200,b4,1.000000,20.576695
