budget,label,stability,performance_mae
10,b0,0.710000,49.639143
20,b1,0.960000,39.504281
50,b2,1.000000,34.003640
100,b3,1.000000,27.966306
200,b4,1.000000,24.629026
