budget,label,stability,performance_mae
10,b0,0.670000,49.966464
20,b1,0.930000,39.113061
50,b2,1.000000,30.152397
100,b3,1.000000,26.205168
200,b4,1.000000,22.700671
