budget,label,stability,performance_mae
10,b0,0.000000,57.030418
20,b1,0.210000,56.241806
50,b2,0.290000,31.264607
100,b3,1.000000,5.292032
200,b4,1.000000,2.661824
