budget,label,stability,performance_mae
10,b0,0.000000,105.046383
20,b1,0.030000,91.837650
50,b2,0.000000,78.836820
100,b3,0.010000,50.609433
200,b4,0.220000,28.327121
