budget,label,stability,performance_mae
10,b0,0.000000,55.167396
20,b1,0.000000,49.006490
50,b2,0.000000,41.743582
100,b3,0.000000,38.364365
200,b4,0.040000,34.510581
