budget,label,stability,performance_mae
10,b0,0.000000,80.328785
20,b1,0.000000,60.442519
50,b2,0.000000,42.932800
100,b3,0.390000,24.387008
200,b4,0.940000,12.045671
