budget,label,stability,performance_mae
10,b0,0.230000,30.744180
20,b1,0.220000,23.866335
50,b2,0.970000,15.183081
100,b3,1.000000,9.939479
200,b4,1.000000,9.939479
