budget,label,stability,performance_mae
10,b0,0.000000,53.060301
20,b1,0.000000,44.108055
50,b2,0.170000,35.579476
100,b3,0.380000,20.289490
200,b4,0.730000,12.702208
