budget,label,stability,performance_mae
10,b0,0.414141,47.617692
20,b1,0.161616,51.469373
50,b2,0.696970,38.933882
100,b3,1.000000,25.158439
200,b4,1.000000,25.158439
