budget,label,stability,performance_mae
10,b0,0.010000,45.996064
20,b1,0.120000,44.232485
50,b2,0.200000,36.085419
100,b3,0.340000,26.386279
200,b4,0.940000,10.560767
