budget,label,stability,performance_mae
10,b0,0.121212,62.316137
20,b1,0.161616,57.011144
50,b2,0.787879,26.180647
100,b3,1.000000,11.420646
200,b4,1.000000,11.420646
