budget,label,stability,performance_mae
10,b0,0.090909,62.779032
20,b1,0.131313,53.494069
50,b2,0.828283,24.026204
100,b3,1.000000,16.514497
200,b4,1.000000,16.514497
