budget,label,stability,performance_mae
10,b0,0.550000,26.176074
20,b1,0.650000,20.241750
50,b2,0.870000,10.810260
100,b3,1.000000,4.232105
200,b4,1.000000,3.257242
