budget,label,stability,performance_mae
10,b0,0.140000,44.598658
20,b1,0.060000,48.852517
50,b2,0.450000,43.687891
100,b3,0.800000,35.076839
200,b4,0.980000,29.785219
