budget,label,stability,performance_mae
10,b0,0.150000,35.004244
20,b1,0.190000,31.094329
50,b2,0.300000,20.235888
100,b3,0.810000,13.692510
200,b4,0.990000,7.715237
