budget,label,stability,performance_mae
10,b0,0.000000,32.400476
20,b1,0.300000,27.326032
50,b2,0.340000,23.265928
100,b3,0.610000,18.210183
200,b4,0.710000,11.828597
