budget,label,stability,performance_mae
10,b0,0.240000,31.925368
20,b1,0.640000,19.751294
50,b2,0.800000,13.630774
100,b3,1.000000,9.089338
200,b4,1.000000,5.803617
