budget,label,stability,performance_mae
10,b0,0.000000,79.145305
20,b1,0.000000,36.482827
50,b2,0.530000,17.015422
100,b3,0.860000,7.419371
200,b4,0.990000,6.007642
