budget,label,stability,performance_mae
10,b0,0.000000,101.420126
20,b1,0.000000,91.399860
50,b2,0.000000,66.968774
100,b3,0.010000,58.002895
200,b4,0.020000,52.843517
