budget,label,stability,performance_mae
10,b0,0.010000,72.693348
20,b1,0.270000,64.206568
50,b2,0.470000,53.284795
100,b3,0.540000,43.697103
200,b4,0.790000,31.612350
