budget,label,stability,performance_mae
10,b0,0.240000,27.162386
20,b1,0.570000,17.783386
50,b2,0.850000,10.162412
100,b3,1.000000,6.402528
200,b4,1.000000,4.381175
