budget,label,stability,performance_mae
10,b0,0.160000,39.597313
20,b1,0.650000,23.505102
50,b2,0.880000,12.360368
100,b3,1.000000,8.659516
200,b4,1.000000,6.462025
