budget,label,stability,performance_mae
10,b0,0.100000,59.138960
20,b1,0.240000,40.108223
50,b2,0.940000,19.178516
100,b3,0.990000,11.274471
200,b4,0.990000,7.307593
