budget,label,stability,performance_mae
10,b0,0.100000,61.599235
20,b1,0.020000,53.245595
50,b2,0.190000,42.348723
100,b3,0.220000,36.755516
200,b4,0.240000,29.626501
