budget,label,stability,performance_mae
10,b0,0.000000,84.880224
20,b1,0.000000,78.300796
50,b2,0.040000,51.787879
100,b3,0.270000,37.376196
200,b4,0.470000,30.505174
