budget,label,stability,performance_mae
10,b0,0.410000,61.635796
20,b1,0.580000,40.502720
50,b2,0.770000,22.373226
100,b3,0.960000,17.338890
200,b4,1.000000,9.030417
