budget,label,stability,performance_mae
10,b0,0.250000,26.167900
20,b1,0.480000,20.414567
50,b2,0.690000,14.330821
100,b3,0.840000,8.838663
200,b4,0.920000,5.690970
