budget,label,stability,performance_mae
10,b0,0.010000,35.883101
20,b1,0.170000,30.286750
50,b2,0.380000,24.499654
100,b3,0.800000,20.964648
200,b4,0.930000,17.979996
