budget,label,stability,performance_mae
10,b0,0.000000,36.194112
20,b1,0.290000,23.601676
50,b2,0.750000,16.193718
100,b3,0.890000,14.992952
200,b4,0.980000,13.845640
