budget,label,stability,performance_mae
10,b0,0.000000,119.601640
20,b1,0.000000,97.357921
50,b2,0.090000,68.024825
100,b3,0.050000,44.450853
200,b4,0.330000,19.111925
