budget,label,stability,performance_mae
10,b0,0.600000,18.990169
20,b1,0.720000,7.783999
50,b2,0.830000,0.905708
100,b3,1.000000,0.000000
200,b4,1.000000,0.000000
