budget,label,stability,performance_mae
10,b0,0.030000,40.525520
20,b1,0.300000,31.171407
50,b2,0.590000,23.870677
100,b3,0.850000,19.853641
200,b4,0.920000,16.207457
