budget,label,stability,performance_mae
10,b0,0.070000,52.447951
20,b1,0.040000,43.262917
50,b2,0.200000,27.837772
100,b3,0.360000,21.642207
200,b4,0.550000,17.662535
