budget,label,stability,performance_mae
10,b0,1.000000,37.982708
20,b1,1.000000,31.953811
50,b2,1.000000,15.925397
100,b3,1.000000,11.177784
200,b4,1.000000,10.829232
