budget,label,stability,performance_mae
10,b0,0.010101,105.859599
20,b1,0.000000,84.669573
50,b2,0.222222,42.222707
100,b3,1.000000,16.310024
200,b4,1.000000,16.310024
