budget,label,stability,performance_mae
10,b0,0.000000,110.447635
20,b1,0.000000,100.014641
50,b2,0.000000,56.770009
100,b3,0.797980,31.263857
200,b4,0.797980,31.263857
