budget,label,stability,performance_mae
10,b0,0.000000,112.415515
20,b1,0.000000,103.427257
50,b2,0.101010,50.732787
100,b3,1.000000,15.824766
200,b4,1.000000,15.824766
