budget,label,stability,performance_mae
10,b0,0.040000,89.594286
20,b1,0.050000,71.451111
50,b2,0.060000,59.679392
100,b3,0.080000,43.499258
200,b4,0.280000,26.144014
