budget,label,stability,performance_mae
10,b0,0.070000,73.515159
20,b1,0.040000,58.225336
50,b2,0.150000,47.241596
100,b3,0.340000,38.739811
200,b4,0.660000,30.746764
