budget,label,stability,performance_mae
10,b0,0.000000,83.860496
20,b1,0.090000,72.326948
50,b2,0.350000,63.126903
100,b3,0.470000,60.316332
200,b4,0.490000,43.891792
