budget,label,stability,performance_mae
10,b0,0.140000,49.060215
20,b1,0.310000,30.607372
50,b2,0.530000,21.009452
100,b3,0.880000,11.484809
200,b4,0.950000,4.748939
