budget,label,stability,performance_mae
10,b0,0.020000,100.649589
20,b1,0.000000,79.675959
50,b2,0.010000,67.757269
100,b3,0.000000,57.586732
200,b4,0.040000,48.253795
