budget,label,stability,performance_mae
10,b0,0.000000,70.534062
20,b1,0.010000,61.250997
50,b2,0.030000,48.425205
100,b3,0.050000,41.645153
200,b4,0.210000,34.423534
