budget,label,stability,performance_mae
10,b0,0.000000,117.328688
20,b1,0.010000,108.712305
50,b2,0.010000,94.918804
100,b3,0.000000,81.822815
200,b4,0.030000,69.274510
