budget,label,stability,performance_mae
10,b0,0.000000,107.899099
20,b1,0.000000,85.452069
50,b2,0.000000,65.043237
100,b3,0.000000,56.143581
200,b4,0.010000,46.885979
